game_pk,game_date,season,home_abbr,away_abbr,home_runs,away_runs
663178,2022-04-07,2022,CHC,MIL,5,4
662766,2022-04-07,2022,KC,CLE,3,1
662021,2022-04-07,2022,STL,PIT,9,0
662571,2022-04-07,2022,WSH,NYM,1,5
661577,2022-04-07,2022,ATL,CIN,3,6
661042,2022-04-07,2022,LAA,HOU,1,3
663418,2022-04-07,2022,AZ,SD,4,2
661333,2022-04-08,2022,NYY,BOS,6,5
662888,2022-04-08,2022,DET,CWS,5,4
661131,2022-04-08,2022,PHI,OAK,9,5
661918,2022-04-08,2022,TB,BAL,2,1
662933,2022-04-08,2022,COL,LAD,3,5
661750,2022-04-08,2022,MIN,SEA,1,2
662124,2022-04-08,2022,SF,MIA,6,5
662559,2022-04-08,2022,WSH,NYM,3,7
661782,2022-04-08,2022,TOR,TEX,10,8
661576,2022-04-08,2022,ATL,CIN,7,6
661041,2022-04-08,2022,LAA,HOU,6,13
663417,2022-04-08,2022,AZ,SD,0,3
661917,2022-04-09,2022,TB,BAL,5,3
662864,2022-04-09,2022,DET,CWS,2,5
661756,2022-04-09,2022,MIN,SEA,3,4
662020,2022-04-09,2022,STL,PIT,6,2
663205,2022-04-09,2022,CHC,MIL,9,0
661803,2022-04-09,2022,TOR,TEX,4,3
661130,2022-04-09,2022,PHI,OAK,4,2
662123,2022-04-09,2022,SF,MIA,1,2
661332,2022-04-09,2022,NYY,BOS,4,2
662765,2022-04-09,2022,KC,CLE,1,0
662588,2022-04-09,2022,WSH,NYM,0,5
661575,2022-04-09,2022,ATL,CIN,2,1
662931,2022-04-09,2022,COL,LAD,3,2
663404,2022-04-09,2022,AZ,SD,2,5
661040,2022-04-09,2022,LAA,HOU,2,0
661129,2022-04-10,2022,PHI,OAK,1,4
661916,2022-04-10,2022,TB,BAL,8,0
662887,2022-04-10,2022,DET,CWS,1,10
662570,2022-04-10,2022,WSH,NYM,4,2
661573,2022-04-10,2022,ATL,CIN,3,6
661802,2022-04-10,2022,TOR,TEX,6,12
662755,2022-04-10,2022,KC,CLE,3,17
661738,2022-04-10,2022,MIN,SEA,10,4
662019,2022-04-10,2022,STL,PIT,4,9
663204,2022-04-10,2022,CHC,MIL,4,5
662934,2022-04-10,2022,COL,LAD,9,4
662122,2022-04-10,2022,SF,MIA,3,2
661039,2022-04-10,2022,LAA,HOU,1,4
663395,2022-04-10,2022,AZ,SD,5,10
661316,2022-04-10,2022,NYY,BOS,3,4
662754,2022-04-11,2022,KC,CLE,7,10
663403,2022-04-11,2022,BAL,MIL,2,0
662042,2022-04-11,2022,TEX,COL,4,6
662863,2022-04-11,2022,DET,BOS,3,1
661915,2022-04-11,2022,TB,OAK,2,13
661637,2022-04-11,2022,PHI,NYM,5,4
661315,2022-04-11,2022,NYY,TOR,0,3
661572,2022-04-11,2022,ATL,WSH,2,11
661754,2022-04-11,2022,MIN,SEA,4,0
661036,2022-04-11,2022,LAA,MIA,6,2
662116,2022-04-11,2022,SF,SD,2,4
662862,2022-04-12,2022,DET,BOS,3,5
663088,2022-04-12,2022,CIN,CLE,5,10
661538,2022-04-12,2022,CWS,SEA,3,2
662318,2022-04-12,2022,PIT,CHC,1,2
661944,2022-04-12,2022,TB,OAK,9,8
661636,2022-04-12,2022,PHI,NYM,0,2
661314,2022-04-12,2022,NYY,TOR,4,0
663295,2022-04-12,2022,BAL,MIL,4,5
661038,2022-04-12,2022,LAA,MIA,4,3
661571,2022-04-12,2022,ATL,WSH,16,4
661753,2022-04-12,2022,MIN,LAD,2,7
662017,2022-04-12,2022,STL,KC,6,5
661995,2022-04-12,2022,TEX,COL,1,4
663411,2022-04-12,2022,AZ,HOU,1,2
662104,2022-04-12,2022,SF,SD,13,2
661570,2022-04-13,2022,ATL,WSH,1,3
663117,2022-04-13,2022,CIN,CLE,3,7
662317,2022-04-13,2022,PIT,CHC,6,2
661643,2022-04-13,2022,PHI,NYM,6,9
662885,2022-04-13,2022,DET,BOS,7,9
661734,2022-04-13,2022,MIN,LAD,0,7
663341,2022-04-13,2022,AZ,HOU,3,2
662115,2022-04-13,2022,SF,SD,2,1
661943,2022-04-13,2022,TB,OAK,2,4
661313,2022-04-13,2022,NYY,TOR,4,6
663433,2022-04-13,2022,BAL,MIL,2,4
661530,2022-04-13,2022,CWS,SEA,6,4
661942,2022-04-14,2022,TB,OAK,3,6
661529,2022-04-14,2022,CWS,SEA,1,5
661292,2022-04-14,2022,MIL,STL,5,1
662307,2022-04-14,2022,PIT,WSH,9,4
661418,2022-04-14,2022,MIA,PHI,4,3
661312,2022-04-14,2022,NYY,TOR,3,0
661993,2022-04-14,2022,TEX,LAA,10,5
662702,2022-04-14,2022,KC,DET,2,4
662237,2022-04-14,2022,SD,ATL,12,1
662950,2022-04-14,2022,COL,CHC,2,5
662627,2022-04-14,2022,LAD,CIN,9,3
662485,2022-04-15,2022,NYM,AZ,10,3
663265,2022-04-15,2022,BOS,MIN,4,8
662291,2022-04-15,2022,PIT,WSH,2,7
661417,2022-04-15,2022,MIA,PHI,7,1
663357,2022-04-15,2022,BAL,NYY,2,1
661792,2022-04-15,2022,TOR,OAK,4,1
663136,2022-04-15,2022,CLE,SF,1,4
661528,2022-04-15,2022,CWS,TB,3,2
662014,2022-04-15,2022,TEX,LAA,6,9
662701,2022-04-15,2022,KC,DET,1,2
661267,2022-04-15,2022,MIL,STL,1,10
662960,2022-04-15,2022,COL,CHC,6,5
662236,2022-04-15,2022,SD,ATL,2,5
662192,2022-04-15,2022,SEA,HOU,11,1
662620,2022-04-15,2022,LAD,CIN,3,1
662626,2022-04-16,2022,NYM,AZ,2,3
661527,2022-04-16,2022,CWS,TB,3,2
661759,2022-04-16,2022,TOR,OAK,5,7
662235,2022-04-16,2022,SD,ATL,2,5
662798,2022-04-16,2022,KC,DET,3,1
663238,2022-04-16,2022,BOS,MIN,4,0
663076,2022-04-16,2022,CLE,SF,2,4
661416,2022-04-16,2022,MIA,PHI,3,10
662290,2022-04-16,2022,PIT,WSH,6,4
661981,2022-04-16,2022,TEX,LAA,2,7
663266,2022-04-16,2022,BAL,NYY,2,5
661335,2022-04-16,2022,MIL,STL,1,2
662966,2022-04-16,2022,COL,CHC,9,6
662206,2022-04-16,2022,SEA,HOU,0,4
662619,2022-04-16,2022,LAD,CIN,5,2
663365,2022-04-17,2022,BAL,NYY,5,0
662294,2022-04-17,2022,PIT,WSH,5,3
663308,2022-04-17,2022,BOS,MIN,8,1
661804,2022-04-17,2022,TOR,OAK,4,3
662625,2022-04-17,2022,NYM,AZ,5,0
663132,2022-04-17,2022,CLE,SF,1,8
661415,2022-04-17,2022,MIA,PHI,11,3
661462,2022-04-17,2022,CWS,TB,3,9
661226,2022-04-17,2022,MIL,STL,6,5
662038,2022-04-17,2022,TEX,LAA,3,8
662930,2022-04-17,2022,COL,CHC,4,6
662618,2022-04-17,2022,LAD,CIN,9,1
662174,2022-04-17,2022,SEA,HOU,7,2
662234,2022-04-17,2022,SD,ATL,2,1
663236,2022-04-18,2022,BOS,MIN,3,8
663197,2022-04-18,2022,CHC,TB,4,2
661242,2022-04-18,2022,MIL,PIT,6,1
662928,2022-04-18,2022,HOU,LAA,8,3
662929,2022-04-18,2022,COL,PHI,4,1
662407,2022-04-18,2022,OAK,BAL,5,1
662233,2022-04-18,2022,SD,CIN,4,1
662617,2022-04-18,2022,LAD,ATL,7,4
662587,2022-04-19,2022,WSH,AZ,6,1
662583,2022-04-19,2022,WSH,AZ,1,0
662350,2022-04-19,2022,NYM,SF,5,4
662616,2022-04-19,2022,NYM,SF,3,1
661405,2022-04-19,2022,MIA,STL,1,5
662896,2022-04-19,2022,DET,NYY,2,4
663249,2022-04-19,2022,BOS,TOR,2,1
663196,2022-04-19,2022,CHC,TB,5,6
661211,2022-04-19,2022,MIL,PIT,5,2
662927,2022-04-19,2022,HOU,LAA,2,7
662753,2022-04-19,2022,KC,MIN,4,3
662925,2022-04-19,2022,COL,PHI,6,5
662406,2022-04-19,2022,OAK,BAL,2,1
662232,2022-04-19,2022,SD,CIN,6,2
662161,2022-04-19,2022,SEA,TEX,6,2
662717,2022-04-19,2022,LAD,ATL,1,3
661203,2022-04-20,2022,MIL,PIT,4,2
663094,2022-04-20,2022,CLE,CWS,11,1
663075,2022-04-20,2022,CLE,CWS,2,1
662924,2022-04-20,2022,COL,PHI,6,9
662734,2022-04-20,2022,LAD,ATL,5,1
662231,2022-04-20,2022,SD,CIN,6,0
662392,2022-04-20,2022,OAK,BAL,0,1
663146,2022-04-20,2022,CHC,TB,2,8
662926,2022-04-20,2022,HOU,LAA,0,6
661404,2022-04-20,2022,MIA,STL,0,2
662861,2022-04-20,2022,DET,NYY,3,5
662560,2022-04-20,2022,WSH,AZ,2,11
662349,2022-04-20,2022,NYM,SF,2,5
663247,2022-04-20,2022,BOS,TOR,1,6
662703,2022-04-20,2022,KC,MIN,2,0
662178,2022-04-20,2022,SEA,TEX,4,2
662593,2022-04-21,2022,NYM,SF,6,2
663093,2022-04-21,2022,CLE,CWS,6,3
662850,2022-04-21,2022,DET,NYY,3,0
663225,2022-04-21,2022,BOS,TOR,2,3
662742,2022-04-21,2022,KC,MIN,0,1
662391,2022-04-21,2022,OAK,BAL,6,4
662558,2022-04-21,2022,WSH,AZ,3,4
661391,2022-04-21,2022,MIA,STL,5,0
663145,2022-04-21,2022,CHC,PIT,3,4
662177,2022-04-21,2022,SEA,TEX,6,8
663169,2022-04-22,2022,CIN,STL,2,4
662557,2022-04-22,2022,WSH,SF,1,7
661311,2022-04-22,2022,NYY,CLE,4,1
661621,2022-04-22,2022,PHI,MIL,4,2
661914,2022-04-22,2022,TB,BOS,3,4
661569,2022-04-22,2022,ATL,MIA,3,0
663195,2022-04-22,2022,CHC,PIT,2,4
662922,2022-04-22,2022,HOU,TOR,3,4
661755,2022-04-22,2022,MIN,CWS,2,1
661037,2022-04-22,2022,LAA,BAL,3,5
663394,2022-04-22,2022,AZ,NYM,5,6
662230,2022-04-22,2022,SD,LAD,1,6
662175,2022-04-22,2022,SEA,KC,4,1
662390,2022-04-22,2022,OAK,TEX,1,8
662549,2022-04-23,2022,WSH,SF,2,5
661310,2022-04-23,2022,NYY,CLE,5,4
662848,2022-04-23,2022,DET,COL,13,0
662849,2022-04-23,2022,DET,COL,2,3
663144,2022-04-23,2022,CHC,PIT,21,0
661752,2022-04-23,2022,MIN,CWS,9,2
661620,2022-04-23,2022,PHI,MIL,3,5
662389,2022-04-23,2022,OAK,TEX,0,2
663100,2022-04-23,2022,CIN,STL,0,5
662875,2022-04-23,2022,HOU,TOR,2,3
661941,2022-04-23,2022,TB,BOS,3,2
661568,2022-04-23,2022,ATL,MIA,7,9
663384,2022-04-23,2022,AZ,NYM,5,2
662276,2022-04-23,2022,SD,LAD,3,2
661035,2022-04-23,2022,LAA,BAL,4,5
662191,2022-04-23,2022,SEA,KC,13,7
662853,2022-04-24,2022,DET,COL,2,6
661931,2022-04-24,2022,TB,BOS,5,2
662539,2022-04-24,2022,WSH,SF,3,12
661590,2022-04-24,2022,ATL,MIA,4,5
661317,2022-04-24,2022,NYY,CLE,10,2
663111,2022-04-24,2022,CIN,STL,4,1
662921,2022-04-24,2022,HOU,TOR,8,7
661781,2022-04-24,2022,MIN,CWS,6,4
663166,2022-04-24,2022,CHC,PIT,3,4
661033,2022-04-24,2022,LAA,BAL,7,6
662388,2022-04-24,2022,OAK,TEX,2,0
663361,2022-04-24,2022,AZ,NYM,2,6
662274,2022-04-24,2022,SD,LAD,2,10
662188,2022-04-24,2022,SEA,KC,5,4
661640,2022-04-24,2022,PHI,MIL,0,1
661210,2022-04-25,2022,MIL,SF,2,4
661639,2022-04-25,2022,PHI,COL,8,2
661760,2022-04-25,2022,TOR,BOS,6,2
662008,2022-04-25,2022,STL,NYM,2,5
661979,2022-04-25,2022,TEX,HOU,6,2
661034,2022-04-25,2022,LAA,CLE,3,0
663382,2022-04-25,2022,AZ,LAD,0,4
662297,2022-04-26,2022,PIT,MIL,8,12
663079,2022-04-26,2022,CIN,SD,6,9
661929,2022-04-26,2022,TB,SEA,4,8
661567,2022-04-26,2022,PHI,COL,10,3
662540,2022-04-26,2022,WSH,MIA,2,5
661309,2022-04-26,2022,NYY,BAL,12,8
661758,2022-04-26,2022,TOR,BOS,6,5
661536,2022-04-26,2022,CWS,KC,0,6
661589,2022-04-26,2022,ATL,CHC,3,1
661733,2022-04-26,2022,MIN,DET,5,4
662007,2022-04-26,2022,STL,NYM,0,3
661980,2022-04-26,2022,TEX,HOU,1,5
661032,2022-04-26,2022,LAA,CLE,4,1
663383,2022-04-26,2022,AZ,LAD,5,3
662086,2022-04-26,2022,SF,OAK,8,2
662048,2022-04-27,2022,STL,NYM,10,5
661533,2022-04-27,2022,CWS,KC,7,3
663393,2022-04-27,2022,AZ,LAD,3,1
662289,2022-04-27,2022,PIT,MIL,1,3
663148,2022-04-27,2022,CIN,SD,5,8
661909,2022-04-27,2022,TB,SEA,3,2
661638,2022-04-27,2022,PHI,COL,7,3
662546,2022-04-27,2022,WSH,MIA,1,2
661306,2022-04-27,2022,NYY,BAL,5,2
661757,2022-04-27,2022,TOR,BOS,1,7
661552,2022-04-27,2022,ATL,CHC,3,6
661739,2022-04-27,2022,MIN,DET,5,0
661964,2022-04-27,2022,TEX,HOU,3,4
663439,2022-04-27,2022,LAA,CLE,9,5
662066,2022-04-27,2022,SF,OAK,0,1
663078,2022-04-28,2022,CIN,SD,5,7
662295,2022-04-28,2022,PIT,MIL,2,3
661641,2022-04-28,2022,PHI,COL,7,1
662538,2022-04-28,2022,WSH,MIA,2,3
661305,2022-04-28,2022,NYY,BAL,10,5
661908,2022-04-28,2022,TB,SEA,2,1
661729,2022-04-28,2022,MIN,DET,7,1
661912,2022-04-28,2022,TEX,HOU,2,3
661532,2022-04-28,2022,CWS,KC,2,5
661827,2022-04-28,2022,TOR,BOS,1,0
663432,2022-04-28,2022,LAA,CLE,4,1
661551,2022-04-28,2022,ATL,CHC,5,1
662047,2022-04-28,2022,STL,AZ,8,3
662296,2022-04-29,2022,PIT,SD,3,7
661390,2022-04-29,2022,MIA,SEA,8,6
663337,2022-04-29,2022,BAL,BOS,1,3
661826,2022-04-29,2022,TOR,HOU,7,11
661907,2022-04-29,2022,TB,MIN,6,1
662592,2022-04-29,2022,NYM,PHI,3,0
661535,2022-04-29,2022,CWS,LAA,1,5
661911,2022-04-29,2022,TEX,ATL,3,6
662741,2022-04-29,2022,KC,NYY,2,12
661209,2022-04-29,2022,MIL,CHC,11,1
662037,2022-04-29,2022,STL,AZ,2,6
663009,2022-04-29,2022,COL,CIN,10,4
662405,2022-04-29,2022,OAK,CLE,8,9
662699,2022-04-29,2022,LAD,DET,5,1
662081,2022-04-29,2022,SF,WSH,4,14
662036,2022-04-30,2022,STL,AZ,0,2
661825,2022-04-30,2022,TOR,HOU,2,1
662084,2022-04-30,2022,SF,WSH,9,3
661534,2022-04-30,2022,CWS,LAA,4,0
662393,2022-04-30,2022,OAK,CLE,1,3
661906,2022-04-30,2022,TB,MIN,1,9
661389,2022-04-30,2022,MIA,SEA,3,1
662288,2022-04-30,2022,PIT,SD,7,6
663364,2022-04-30,2022,BAL,BOS,2,1
661901,2022-04-30,2022,TEX,ATL,3,1
662591,2022-04-30,2022,NYM,PHI,1,4
662797,2022-04-30,2022,KC,NYY,0,3
661208,2022-04-30,2022,MIL,CHC,9,1
663008,2022-04-30,2022,COL,CIN,4,3
662698,2022-04-30,2022,LAD,DET,1,5
663363,2022-05-01,2022,BAL,BOS,9,5
661905,2022-05-01,2022,TB,MIN,3,9
662293,2022-05-01,2022,PIT,SD,2,5
661824,2022-05-01,2022,TOR,HOU,3,2
661365,2022-05-01,2022,MIA,SEA,3,7
661531,2022-05-01,2022,CWS,LAA,5,6
662691,2022-05-01,2022,KC,NYY,4,6
661216,2022-05-01,2022,MIL,CHC,0,2
661988,2022-05-01,2022,STL,AZ,7,5
661935,2022-05-01,2022,TEX,ATL,7,3
663007,2022-05-01,2022,COL,CIN,10,1
662106,2022-05-01,2022,SF,WSH,5,11
662397,2022-05-01,2022,OAK,CLE,3,7
662716,2022-05-01,2022,LAD,DET,6,3
662579,2022-05-01,2022,NYM,PHI,10,6
662009,2022-05-02,2022,STL,KC,1,0
661526,2022-05-02,2022,CWS,LAA,3,0
661362,2022-05-02,2022,MIA,AZ,4,5
663362,2022-05-02,2022,BAL,MIN,1,2
661823,2022-05-02,2022,TOR,NYY,2,3
662578,2022-05-02,2022,NYM,ATL,2,5
662920,2022-05-02,2022,HOU,SEA,3,0
662387,2022-05-02,2022,OAK,TB,1,6
662569,2022-05-03,2022,NYM,ATL,5,4
662459,2022-05-03,2022,NYM,ATL,3,0
661364,2022-05-03,2022,MIA,AZ,4,5
661635,2022-05-03,2022,PHI,TEX,4,6
663463,2022-05-03,2022,BAL,MIN,2,7
661796,2022-05-03,2022,TOR,NYY,1,9
663237,2022-05-03,2022,BOS,LAA,4,0
663165,2022-05-03,2022,CHC,CWS,1,3
661200,2022-05-03,2022,MIL,CIN,6,3
662919,2022-05-03,2022,HOU,SEA,4,0
662690,2022-05-03,2022,KC,STL,7,1
662994,2022-05-03,2022,COL,WSH,2,10
662386,2022-05-03,2022,OAK,TB,7,10
662708,2022-05-03,2022,LAD,SF,3,1
661363,2022-05-04,2022,MIA,AZ,7,8
662838,2022-05-04,2022,DET,PIT,3,2
662839,2022-05-04,2022,DET,PIT,2,7
663067,2022-05-04,2022,CLE,SD,4,5
663068,2022-05-04,2022,CLE,SD,6,5
662739,2022-05-04,2022,KC,STL,0,10
662577,2022-05-04,2022,NYM,ATL,2,9
662835,2022-05-04,2022,HOU,SEA,7,2
662382,2022-05-04,2022,OAK,TB,0,3
661634,2022-05-04,2022,PHI,TEX,1,2
663462,2022-05-04,2022,BAL,MIN,9,4
661795,2022-05-04,2022,TOR,NYY,2,1
663248,2022-05-04,2022,BOS,LAA,5,10
663164,2022-05-04,2022,CHC,CWS,3,4
661197,2022-05-04,2022,MIL,CIN,18,4
662993,2022-05-04,2022,COL,WSH,5,2
662707,2022-05-04,2022,LAD,SF,9,1
663227,2022-05-05,2022,BOS,LAA,0,8
661204,2022-05-05,2022,MIL,CIN,10,5
663013,2022-05-05,2022,COL,WSH,9,7
663066,2022-05-05,2022,CLE,TOR,6,5
661619,2022-05-05,2022,PHI,NYM,7,8
661341,2022-05-05,2022,BAL,MIN,5,3
662816,2022-05-05,2022,HOU,DET,3,2
662189,2022-05-05,2022,SEA,TB,3,4
662262,2022-05-05,2022,SD,MIA,2,1
662105,2022-05-05,2022,SF,STL,1,7
663224,2022-05-06,2022,BOS,CWS,2,4
661541,2022-05-06,2022,ATL,MIL,3,6
662815,2022-05-06,2022,HOU,DET,3,2
661775,2022-05-06,2022,MIN,OAK,2,1
663431,2022-05-06,2022,LAA,WSH,3,0
663360,2022-05-06,2022,AZ,COL,4,1
662187,2022-05-06,2022,SEA,TB,7,8
662272,2022-05-06,2022,SD,MIA,3,2
662103,2022-05-06,2022,SF,STL,2,3
663089,2022-05-07,2022,CIN,PIT,9,2
663070,2022-05-07,2022,CIN,PIT,5,8
663162,2022-05-07,2022,CHC,LAD,0,7
663142,2022-05-07,2022,CHC,LAD,2,6
663056,2022-05-07,2022,CLE,TOR,3,8
663057,2022-05-07,2022,CLE,TOR,8,2
661701,2022-05-07,2022,MIN,OAK,1,0
662796,2022-05-07,2022,HOU,DET,3,2
663226,2022-05-07,2022,BOS,CWS,1,3
662102,2022-05-07,2022,SF,STL,13,7
661540,2022-05-07,2022,ATL,MIL,3,2
663359,2022-05-07,2022,AZ,COL,1,4
662261,2022-05-07,2022,SD,MIA,0,8
663430,2022-05-07,2022,LAA,WSH,3,7
662159,2022-05-07,2022,SEA,TB,2,8
663278,2022-05-08,2022,BOS,CWS,2,3
661626,2022-05-08,2022,PHI,NYM,3,2
661627,2022-05-08,2022,PHI,NYM,1,6
661307,2022-05-08,2022,BAL,KC,4,6
661345,2022-05-08,2022,BAL,KC,4,2
661302,2022-05-08,2022,NYY,TEX,2,1
661304,2022-05-08,2022,NYY,TEX,2,4
661550,2022-05-08,2022,ATL,MIL,9,2
663069,2022-05-08,2022,CIN,PIT,7,3
663086,2022-05-08,2022,CLE,TOR,4,3
662795,2022-05-08,2022,HOU,DET,5,0
661700,2022-05-08,2022,MIN,OAK,4,3
662098,2022-05-08,2022,SF,STL,4,3
663429,2022-05-08,2022,LAA,WSH,5,4
663368,2022-05-08,2022,AZ,COL,4,0
662160,2022-05-08,2022,SEA,TB,2,1
662260,2022-05-08,2022,SD,MIA,3,2
663161,2022-05-08,2022,CHC,LAD,1,7
661349,2022-05-09,2022,BAL,KC,6,1
661303,2022-05-09,2022,NYY,TEX,1,0
662287,2022-05-09,2022,PIT,LAD,5,1
663101,2022-05-09,2022,CIN,MIL,10,5
662837,2022-05-09,2022,DET,OAK,0,2
661525,2022-05-09,2022,CWS,CLE,9,12
663438,2022-05-09,2022,LAA,TB,11,3
662259,2022-05-09,2022,SD,CHC,0,6
662158,2022-05-09,2022,SEA,PHI,0,9
663366,2022-05-09,2022,AZ,MIA,4,3
662097,2022-05-09,2022,SF,COL,8,5
662412,2022-05-10,2022,OAK,DET,0,6
662855,2022-05-10,2022,DET,OAK,1,4
662292,2022-05-10,2022,PIT,LAD,1,11
663090,2022-05-10,2022,CIN,MIL,4,5
662537,2022-05-10,2022,WSH,NYM,2,4
661301,2022-05-10,2022,NYY,TOR,6,5
661549,2022-05-10,2022,ATL,BOS,4,9
661696,2022-05-10,2022,MIN,HOU,0,5
661987,2022-05-10,2022,STL,BAL,3,5
662016,2022-05-10,2022,TEX,KC,6,4
661524,2022-05-10,2022,CWS,CLE,4,1
663416,2022-05-10,2022,LAA,TB,12,0
662258,2022-05-10,2022,SD,CHC,5,4
662157,2022-05-10,2022,SEA,PHI,5,4
663350,2022-05-10,2022,AZ,MIA,9,3
662096,2022-05-10,2022,SF,COL,9,2
662385,2022-05-11,2022,PIT,LAD,5,3
661300,2022-05-11,2022,NYY,TOR,5,3
663074,2022-05-11,2022,CIN,MIL,14,11
662176,2022-05-11,2022,SEA,PHI,2,4
663358,2022-05-11,2022,AZ,MIA,3,11
662095,2022-05-11,2022,SF,COL,7,1
662273,2022-05-11,2022,SD,CHC,5,7
662526,2022-05-11,2022,WSH,NYM,8,3
663450,2022-05-11,2022,LAA,TB,2,4
662873,2022-05-11,2022,DET,OAK,0,9
661548,2022-05-11,2022,ATL,BOS,5,3
661702,2022-05-11,2022,MIN,HOU,3,11
662006,2022-05-11,2022,STL,BAL,10,1
661899,2022-05-11,2022,TEX,KC,2,8
662548,2022-05-12,2022,WSH,NYM,1,4
662872,2022-05-12,2022,DET,OAK,3,5
661702,2022-05-12,2022,MIN,HOU,3,11
662005,2022-05-12,2022,STL,BAL,2,3
661694,2022-05-12,2022,MIN,HOU,0,5
662372,2022-05-12,2022,PIT,CIN,0,4
661883,2022-05-12,2022,TEX,KC,3,1
661519,2022-05-12,2022,CWS,NYY,7,15
662706,2022-05-12,2022,LAD,PHI,7,9
662494,2022-05-13,2022,PIT,CIN,2,8
661361,2022-05-13,2022,MIA,MIL,1,2
662525,2022-05-13,2022,WSH,HOU,1,6
662851,2022-05-13,2022,DET,BAL,4,2
662523,2022-05-13,2022,NYM,SEA,1,2
661904,2022-05-13,2022,TB,TOR,5,2
661547,2022-05-13,2022,ATL,SD,6,11
661882,2022-05-13,2022,TEX,BOS,1,7
661698,2022-05-13,2022,MIN,CLE,12,8
661491,2022-05-13,2022,CWS,NYY,4,10
661986,2022-05-13,2022,STL,SF,2,8
663012,2022-05-13,2022,COL,KC,10,14
663349,2022-05-13,2022,AZ,CHC,4,3
662381,2022-05-13,2022,OAK,LAA,0,2
662705,2022-05-13,2022,LAD,PHI,10,12
661985,2022-05-14,2022,STL,SF,4,0
661546,2022-05-14,2022,ATL,SD,6,5
662379,2022-05-14,2022,OAK,LAA,4,3
662399,2022-05-14,2022,OAK,LAA,1,9
662844,2022-05-14,2022,DET,BAL,3,0
661903,2022-05-14,2022,TB,TOR,1,5
661414,2022-05-14,2022,MIA,MIL,9,3
662384,2022-05-14,2022,PIT,CIN,3,1
662547,2022-05-14,2022,WSH,HOU,13,6
661147,2022-05-14,2022,TEX,BOS,3,11
662568,2022-05-14,2022,NYM,SEA,5,4
661695,2022-05-14,2022,MIN,CLE,2,3
661490,2022-05-14,2022,CWS,NYY,3,2
663348,2022-05-14,2022,AZ,CHC,2,4
663011,2022-05-14,2022,COL,KC,10,4
662704,2022-05-14,2022,LAD,PHI,3,8
661545,2022-05-15,2022,ATL,SD,3,7
662528,2022-05-15,2022,WSH,HOU,0,8
662519,2022-05-15,2022,PIT,CIN,1,0
662843,2022-05-15,2022,DET,BAL,5,1
662567,2022-05-15,2022,NYM,SEA,7,8
661902,2022-05-15,2022,TB,TOR,3,0
661403,2022-05-15,2022,MIA,MIL,3,7
661732,2022-05-15,2022,MIN,CLE,3,1
661489,2022-05-15,2022,CWS,NYY,1,5
661146,2022-05-15,2022,TEX,BOS,7,1
663010,2022-05-15,2022,COL,KC,7,8
662380,2022-05-15,2022,OAK,LAA,1,4
663367,2022-05-15,2022,AZ,CHC,2,3
662696,2022-05-15,2022,LAD,PHI,5,4
661984,2022-05-15,2022,STL,SF,15,6
661961,2022-05-16,2022,TB,DET,2,3
661402,2022-05-16,2022,MIA,WSH,8,2
661308,2022-05-16,2022,BAL,NYY,2,6
661794,2022-05-16,2022,TOR,SEA,6,2
663275,2022-05-16,2022,BOS,HOU,6,3
663151,2022-05-16,2022,CHC,PIT,9,0
661212,2022-05-16,2022,MIL,ATL,1,0
661145,2022-05-16,2022,TEX,LAA,7,4
662728,2022-05-16,2022,KC,CWS,3,5
663005,2022-05-16,2022,COL,SF,6,7
662378,2022-05-16,2022,OAK,MIN,1,3
662695,2022-05-16,2022,LAD,AZ,5,4
662780,2022-05-17,2022,KC,CWS,0,3
662727,2022-05-17,2022,KC,CWS,2,1
662628,2022-05-17,2022,LAD,AZ,7,6
662697,2022-05-17,2022,LAD,AZ,12,3
662507,2022-05-17,2022,NYM,STL,3,1
662566,2022-05-17,2022,NYM,STL,3,4
663032,2022-05-17,2022,CLE,CIN,4,5
662053,2022-05-17,2022,TB,DET,8,1
661401,2022-05-17,2022,MIA,WSH,5,1
661625,2022-05-17,2022,PHI,SD,0,3
661342,2022-05-17,2022,BAL,NYY,4,5
661765,2022-05-17,2022,TOR,SEA,3,0
663271,2022-05-17,2022,BOS,HOU,4,13
663157,2022-05-17,2022,CHC,PIT,7,0
661196,2022-05-17,2022,MIL,ATL,0,3
661126,2022-05-17,2022,TEX,LAA,10,5
663004,2022-05-17,2022,COL,SF,7,10
662370,2022-05-17,2022,OAK,MIN,5,2
662054,2022-05-18,2022,TB,DET,6,1
661202,2022-05-18,2022,MIL,ATL,7,6
663003,2022-05-18,2022,COL,SF,5,3
662377,2022-05-18,2022,OAK,MIN,4,14
662744,2022-05-18,2022,LAD,AZ,5,3
663270,2022-05-18,2022,BOS,HOU,5,1
661400,2022-05-18,2022,MIA,WSH,4,5
661624,2022-05-18,2022,PHI,SD,3,0
661344,2022-05-18,2022,BAL,NYY,2,3
661767,2022-05-18,2022,TOR,SEA,1,5
662554,2022-05-18,2022,NYM,STL,11,4
663156,2022-05-18,2022,CHC,PIT,2,3
661125,2022-05-18,2022,TEX,LAA,6,5
662726,2022-05-18,2022,KC,CWS,6,2
661347,2022-05-19,2022,BAL,NYY,9,6
661623,2022-05-19,2022,PHI,SD,0,2
663043,2022-05-19,2022,CLE,CIN,2,4
662520,2022-05-19,2022,NYM,STL,7,6
662715,2022-05-19,2022,KC,CWS,4,7
663269,2022-05-19,2022,BOS,SEA,12,6
663193,2022-05-19,2022,CHC,AZ,1,3
662778,2022-05-19,2022,HOU,TEX,5,1
663143,2022-05-20,2022,CHC,AZ,6,10
662506,2022-05-20,2022,PIT,STL,3,5
661339,2022-05-20,2022,MIA,ATL,3,5
661348,2022-05-20,2022,BAL,TB,8,6
661632,2022-05-20,2022,PHI,LAD,1,4
661766,2022-05-20,2022,TOR,CIN,2,1
663135,2022-05-20,2022,CLE,DET,6,1
663268,2022-05-20,2022,BOS,SEA,7,3
662764,2022-05-20,2022,HOU,TEX,0,3
662714,2022-05-20,2022,KC,MIN,4,6
661195,2022-05-20,2022,MIL,WSH,7,0
663449,2022-05-20,2022,LAA,OAK,2,4
662078,2022-05-20,2022,SF,SD,7,8
661289,2022-05-21,2022,NYY,CWS,7,5
663194,2022-05-21,2022,CHC,AZ,6,7
661793,2022-05-21,2022,TOR,CIN,3,1
663002,2022-05-21,2022,COL,NYM,1,5
663001,2022-05-21,2022,COL,NYM,11,3
662077,2022-05-21,2022,SF,SD,1,2
663234,2022-05-21,2022,BOS,SEA,6,5
661631,2022-05-21,2022,PHI,LAD,4,7
661399,2022-05-21,2022,MIA,ATL,3,4
662478,2022-05-21,2022,PIT,STL,4,5
661291,2022-05-21,2022,BAL,TB,1,6
662763,2022-05-21,2022,HOU,TEX,2,1
662713,2022-05-21,2022,KC,MIN,2,9
661280,2022-05-21,2022,MIL,WSH,5,1
663448,2022-05-21,2022,LAA,OAK,5,3
662479,2022-05-22,2022,PIT,STL,4,18
663277,2022-05-22,2022,BOS,SEA,8,4
661279,2022-05-22,2022,BAL,TB,7,6
661611,2022-05-22,2022,PHI,LAD,4,3
661763,2022-05-22,2022,TOR,CIN,2,3
663120,2022-05-22,2022,CLE,DET,2,4
661398,2022-05-22,2022,MIA,ATL,4,3
662857,2022-05-22,2022,HOU,TEX,5,2
662712,2022-05-22,2022,KC,MIN,6,7
661248,2022-05-22,2022,MIL,WSH,2,8
663150,2022-05-22,2022,CHC,AZ,5,4
661288,2022-05-22,2022,NYY,CWS,1,3
661290,2022-05-22,2022,NYY,CWS,0,5
662982,2022-05-22,2022,COL,NYM,0,2
662076,2022-05-22,2022,SF,SD,1,10
663447,2022-05-22,2022,LAA,OAK,4,1
662455,2022-05-23,2022,PIT,COL,2,1
663073,2022-05-23,2022,CIN,CHC,4,7
662524,2022-05-23,2022,WSH,LAD,1,10
661287,2022-05-23,2022,NYY,BAL,4,6
661544,2022-05-23,2022,ATL,PHI,3,7
661730,2022-05-23,2022,MIN,DET,5,4
661999,2022-05-23,2022,STL,TOR,7,3
662858,2022-05-23,2022,HOU,CLE,1,6
663340,2022-05-23,2022,AZ,KC,9,5
662135,2022-05-23,2022,SEA,OAK,7,6
662257,2022-05-23,2022,SD,MIL,3,2
662075,2022-05-23,2022,SF,NYM,3,13
662454,2022-05-24,2022,PIT,COL,1,2
663103,2022-05-24,2022,CIN,CHC,4,11
661978,2022-05-24,2022,TB,MIA,4,0
662536,2022-05-24,2022,WSH,LAD,4,9
661285,2022-05-24,2022,NYY,BAL,7,6
661543,2022-05-24,2022,ATL,PHI,6,5
661699,2022-05-24,2022,MIN,DET,2,0
661998,2022-05-24,2022,STL,TOR,1,8
662846,2022-05-24,2022,HOU,CLE,7,3
661488,2022-05-24,2022,CWS,BOS,3,16
663381,2022-05-24,2022,LAA,TEX,5,3
663339,2022-05-24,2022,AZ,KC,8,6
662134,2022-05-24,2022,SEA,OAK,5,7
662229,2022-05-24,2022,SD,MIL,1,4
662074,2022-05-24,2022,SF,NYM,13,12
662453,2022-05-25,2022,PIT,COL,10,5
661772,2022-05-25,2022,MIN,DET,2,4
662093,2022-05-25,2022,SF,NYM,9,3
662527,2022-05-25,2022,WSH,LAD,1,0
662133,2022-05-25,2022,SEA,OAK,2,4
662228,2022-05-25,2022,SD,MIL,1,2
663082,2022-05-25,2022,CIN,CHC,4,3
662052,2022-05-25,2022,TB,MIA,5,4
661286,2022-05-25,2022,NYY,BAL,2,0
661542,2022-05-25,2022,ATL,PHI,8,4
662845,2022-05-25,2022,HOU,CLE,2,1
661487,2022-05-25,2022,CWS,BOS,3,1
663446,2022-05-25,2022,LAA,TEX,2,7
663081,2022-05-26,2022,CIN,CHC,20,5
662051,2022-05-26,2022,TB,NYY,2,7
662515,2022-05-26,2022,WSH,COL,7,3
662842,2022-05-26,2022,DET,CLE,4,3
661574,2022-05-26,2022,ATL,PHI,1,4
661771,2022-05-26,2022,MIN,KC,2,3
661997,2022-05-26,2022,STL,MIL,3,4
661486,2022-05-26,2022,CWS,BOS,7,16
663445,2022-05-26,2022,LAA,TOR,3,6
663338,2022-05-26,2022,AZ,LAD,1,14
662376,2022-05-26,2022,OAK,TEX,1,4
663080,2022-05-27,2022,CIN,SF,5,1
663276,2022-05-27,2022,BOS,BAL,8,12
662543,2022-05-27,2022,NYM,PHI,8,6
661960,2022-05-27,2022,TB,NYY,0,2
661539,2022-05-27,2022,ATL,MIA,6,4
661777,2022-05-27,2022,MIN,KC,10,7
661992,2022-05-27,2022,STL,MIL,4,2
663444,2022-05-27,2022,LAA,TOR,3,4
663347,2022-05-27,2022,AZ,LAD,4,6
662281,2022-05-27,2022,SD,PIT,4,3
662132,2022-05-27,2022,SEA,HOU,6,1
662369,2022-05-27,2022,OAK,TEX,5,8
662514,2022-05-28,2022,WSH,COL,13,7
662513,2022-05-28,2022,WSH,COL,2,3
663257,2022-05-28,2022,BOS,BAL,5,3
663309,2022-05-28,2022,BOS,BAL,2,4
661774,2022-05-28,2022,MIN,KC,3,7
661991,2022-05-28,2022,STL,MIL,8,3
662375,2022-05-28,2022,OAK,TEX,4,11
662852,2022-05-28,2022,DET,CLE,1,8
663118,2022-05-28,2022,CIN,SF,3,2
661537,2022-05-28,2022,ATL,MIA,1,4
661933,2022-05-28,2022,TB,NYY,3,1
663330,2022-05-28,2022,AZ,LAD,2,3
662556,2022-05-28,2022,NYM,PHI,8,2
661518,2022-05-28,2022,CWS,CHC,1,5
663400,2022-05-28,2022,LAA,TOR,5,6
662280,2022-05-28,2022,SD,PIT,2,4
662131,2022-05-28,2022,SEA,HOU,6,0
663072,2022-05-29,2022,CIN,SF,4,6
663299,2022-05-29,2022,BOS,BAL,12,2
662512,2022-05-29,2022,WSH,COL,6,5
661517,2022-05-29,2022,ATL,MIA,6,3
662840,2022-05-29,2022,DET,CLE,2,1
661910,2022-05-29,2022,TB,NYY,4,2
661731,2022-05-29,2022,MIN,KC,7,3
661461,2022-05-29,2022,CWS,CHC,5,4
661990,2022-05-29,2022,STL,MIL,0,8
662374,2022-05-29,2022,OAK,TEX,6,5
663414,2022-05-29,2022,LAA,TOR,10,11
663328,2022-05-29,2022,AZ,LAD,1,3
662279,2022-05-29,2022,SD,PIT,4,2
662130,2022-05-29,2022,SEA,HOU,1,2
662555,2022-05-29,2022,NYM,PHI,5,4
663149,2022-05-30,2022,CHC,MIL,6,7
663147,2022-05-30,2022,CHC,MIL,1,3
662854,2022-05-30,2022,DET,MIN,7,5
661989,2022-05-30,2022,STL,SD,6,3
661613,2022-05-30,2022,PHI,SF,4,5
662373,2022-05-30,2022,OAK,HOU,1,5
662992,2022-05-30,2022,COL,MIA,7,1
663109,2022-05-30,2022,CLE,KC,7,3
663298,2022-05-30,2022,BOS,BAL,0,10
662545,2022-05-30,2022,NYM,WSH,13,5
661900,2022-05-30,2022,TEX,TB,9,5
663327,2022-05-30,2022,AZ,ATL,6,2
662743,2022-05-30,2022,LAD,PIT,5,6
662806,2022-05-31,2022,DET,MIN,2,8
662836,2022-05-31,2022,DET,MIN,4,0
663034,2022-05-31,2022,CLE,KC,8,3
661618,2022-05-31,2022,PHI,SF,4,7
661075,2022-05-31,2022,BAL,SEA,0,10
661331,2022-05-31,2022,NYY,LAA,9,1
661797,2022-05-31,2022,TOR,CWS,6,5
663297,2022-05-31,2022,BOS,CIN,1,2
662544,2022-05-31,2022,NYM,WSH,10,0
661977,2022-05-31,2022,STL,SD,3,2
661884,2022-05-31,2022,TEX,TB,3,0
663154,2022-05-31,2022,CHC,MIL,8,7
662367,2022-05-31,2022,OAK,HOU,1,3
663329,2022-05-31,2022,AZ,ATL,8,7
662735,2022-05-31,2022,LAD,PIT,3,5
663031,2022-06-01,2022,CLE,KC,4,0
662457,2022-06-01,2022,NYM,WSH,5,0
661982,2022-06-01,2022,STL,SD,5,2
662981,2022-06-01,2022,COL,MIA,1,14
662991,2022-06-01,2022,COL,MIA,13,12
662366,2022-06-01,2022,OAK,HOU,4,5
663326,2022-06-01,2022,AZ,ATL,0,6
661612,2022-06-01,2022,PHI,SF,6,5
661343,2022-06-01,2022,BAL,SEA,9,2
661764,2022-06-01,2022,TOR,CWS,7,3
663296,2022-06-01,2022,BOS,CIN,7,1
662833,2022-06-01,2022,DET,MIN,5,0
661963,2022-06-01,2022,TEX,TB,3,4
663184,2022-06-01,2022,CHC,MIL,4,3
662721,2022-06-01,2022,LAD,PIT,4,8
661330,2022-06-02,2022,NYY,LAA,6,1
661329,2022-06-02,2022,NYY,LAA,2,1
662832,2022-06-02,2022,DET,MIN,3,2
661934,2022-06-02,2022,TEX,TB,1,3
661762,2022-06-02,2022,TOR,CWS,8,3
663091,2022-06-02,2022,CIN,WSH,8,1
661397,2022-06-02,2022,MIA,SF,3,0
661247,2022-06-02,2022,BAL,SEA,6,7
661340,2022-06-02,2022,MIL,SD,5,4
663139,2022-06-02,2022,CHC,STL,7,5
663000,2022-06-02,2022,COL,ATL,6,13
662693,2022-06-02,2022,LAD,NYM,2,0
663153,2022-06-03,2022,CHC,STL,5,14
663119,2022-06-03,2022,CIN,WSH,5,8
661396,2022-06-03,2022,MIA,SF,6,15
661058,2022-06-03,2022,BAL,CLE,3,6
662452,2022-06-03,2022,PIT,AZ,6,8
661642,2022-06-03,2022,PHI,LAA,10,0
661318,2022-06-03,2022,NYY,DET,13,0
661761,2022-06-03,2022,TOR,MIN,3,9
661897,2022-06-03,2022,TB,CWS,6,3
661913,2022-06-03,2022,TEX,SEA,3,4
662692,2022-06-03,2022,KC,HOU,3,10
661334,2022-06-03,2022,MIL,SD,0,7
662980,2022-06-03,2022,COL,ATL,1,3
662365,2022-06-03,2022,OAK,BOS,2,7
662720,2022-06-03,2022,LAD,NYM,6,1
661278,2022-06-04,2022,NYY,DET,3,0
663179,2022-06-04,2022,CHC,STL,6,1
663152,2022-06-04,2022,CHC,STL,4,7
661749,2022-06-04,2022,TOR,MIN,12,3
661346,2022-06-04,2022,BAL,CLE,5,4
662451,2022-06-04,2022,PIT,AZ,2,1
661936,2022-06-04,2022,TEX,SEA,3,2
662364,2022-06-04,2022,OAK,BOS,0,8
662689,2022-06-04,2022,KC,HOU,6,0
663102,2022-06-04,2022,CIN,WSH,8,10
661896,2022-06-04,2022,TB,CWS,2,3
661395,2022-06-04,2022,MIA,SF,5,4
661214,2022-06-04,2022,MIL,SD,0,4
661615,2022-06-04,2022,PHI,LAA,7,2
662987,2022-06-04,2022,COL,ATL,2,6
662687,2022-06-04,2022,LAD,NYM,4,9
661277,2022-06-05,2022,NYY,DET,5,4
661151,2022-06-05,2022,BAL,CLE,2,3
662450,2022-06-05,2022,PIT,AZ,3,0
661633,2022-06-05,2022,PHI,LAA,9,7
661747,2022-06-05,2022,TOR,MIN,6,8
663058,2022-06-05,2022,CIN,WSH,4,5
661895,2022-06-05,2022,TB,CWS,5,6
661394,2022-06-05,2022,MIA,SF,1,5
662688,2022-06-05,2022,KC,HOU,4,7
661241,2022-06-05,2022,MIL,SD,4,6
661962,2022-06-05,2022,TEX,SEA,5,6
662990,2022-06-05,2022,COL,ATL,7,8
662363,2022-06-05,2022,OAK,BOS,2,5
662612,2022-06-05,2022,LAD,NYM,4,5
663138,2022-06-05,2022,CHC,STL,3,5
663065,2022-06-06,2022,CIN,AZ,7,0
662762,2022-06-06,2022,HOU,SEA,4,7
662613,2022-06-06,2022,KC,TOR,0,8
663399,2022-06-06,2022,LAA,BOS,0,1
662278,2022-06-06,2022,SD,NYM,5,11
663122,2022-06-07,2022,CLE,TEX,6,3
663134,2022-06-07,2022,CLE,TEX,3,6
663064,2022-06-07,2022,CIN,AZ,14,8
661169,2022-06-07,2022,MIA,WSH,12,2
661170,2022-06-07,2022,BAL,CHC,9,3
662449,2022-06-07,2022,PIT,DET,3,5
661894,2022-06-07,2022,TB,STL,4,2
661516,2022-06-07,2022,ATL,OAK,3,2
661693,2022-06-07,2022,MIN,NYY,4,10
662761,2022-06-07,2022,HOU,SEA,4,1
662678,2022-06-07,2022,KC,TOR,0,7
661460,2022-06-07,2022,CWS,LAD,4,0
661205,2022-06-07,2022,MIL,PHI,2,3
663391,2022-06-07,2022,LAA,BOS,5,6
662277,2022-06-07,2022,SD,NYM,7,0
662092,2022-06-07,2022,SF,COL,3,5
662448,2022-06-08,2022,PIT,DET,1,3
662679,2022-06-08,2022,KC,TOR,8,4
663050,2022-06-08,2022,CIN,AZ,0,7
662760,2022-06-08,2022,HOU,SEA,3,6
661150,2022-06-08,2022,MIA,WSH,2,1
661892,2022-06-08,2022,TB,STL,11,3
663055,2022-06-08,2022,CLE,TEX,4,0
661515,2022-06-08,2022,ATL,OAK,13,2
661681,2022-06-08,2022,MIN,NYY,8,1
661459,2022-06-08,2022,CWS,LAD,1,4
661188,2022-06-08,2022,MIL,PHI,0,10
663398,2022-06-08,2022,LAA,BOS,0,1
662223,2022-06-08,2022,SD,NYM,13,2
662094,2022-06-08,2022,SF,COL,2,1
663049,2022-06-09,2022,CIN,AZ,4,5
661891,2022-06-09,2022,TB,STL,2,1
661458,2022-06-09,2022,CWS,LAD,9,11
661194,2022-06-09,2022,MIL,PHI,3,8
662091,2022-06-09,2022,SF,COL,2,4
661149,2022-06-09,2022,MIA,WSH,7,4
663015,2022-06-09,2022,CLE,OAK,8,4
661514,2022-06-09,2022,ATL,PIT,3,1
661697,2022-06-09,2022,MIN,NYY,7,10
662677,2022-06-09,2022,KC,BAL,7,5
663413,2022-06-09,2022,LAA,BOS,5,2
661617,2022-06-10,2022,PHI,AZ,7,5
661284,2022-06-10,2022,NYY,CHC,2,1
662511,2022-06-10,2022,WSH,MIL,11,5
663014,2022-06-10,2022,CLE,OAK,3,2
662831,2022-06-10,2022,DET,TOR,1,10
661513,2022-06-10,2022,ATL,PIT,4,2
662676,2022-06-10,2022,KC,BAL,8,1
661678,2022-06-10,2022,MIN,TB,9,4
661485,2022-06-10,2022,CWS,TEX,8,3
662759,2022-06-10,2022,HOU,MIA,4,7
661983,2022-06-10,2022,STL,CIN,2,0
663390,2022-06-10,2022,LAA,NYM,3,7
662275,2022-06-10,2022,SD,COL,9,0
662129,2022-06-10,2022,SEA,BOS,3,4
662090,2022-06-10,2022,SF,LAD,7,2
661680,2022-06-11,2022,MIN,TB,6,5
661484,2022-06-11,2022,CWS,TEX,9,11
661976,2022-06-11,2022,STL,CIN,5,4
661614,2022-06-11,2022,PHI,AZ,4,0
662510,2022-06-11,2022,WSH,MIL,8,6
662674,2022-06-11,2022,KC,BAL,4,6
663084,2022-06-11,2022,CLE,OAK,5,10
662251,2022-06-11,2022,SD,COL,2,1
662222,2022-06-11,2022,SD,COL,2,6
662830,2022-06-11,2022,DET,TOR,3,1
661160,2022-06-11,2022,ATL,PIT,10,4
662756,2022-06-11,2022,HOU,MIA,1,5
662089,2022-06-11,2022,SF,LAD,3,2
661276,2022-06-11,2022,NYY,CHC,8,0
663412,2022-06-11,2022,LAA,NYM,11,6
662128,2022-06-11,2022,SEA,BOS,7,6
663083,2022-06-12,2022,CLE,OAK,6,3
661622,2022-06-12,2022,PHI,AZ,1,13
661144,2022-06-12,2022,ATL,PIT,5,3
661270,2022-06-12,2022,NYY,CHC,18,4
662542,2022-06-12,2022,WSH,MIL,1,4
662829,2022-06-12,2022,DET,TOR,0,6
662673,2022-06-12,2022,KC,BAL,7,10
661679,2022-06-12,2022,MIN,TB,0,6
661483,2022-06-12,2022,CWS,TEX,6,8
662758,2022-06-12,2022,HOU,MIA,9,4
661975,2022-06-12,2022,STL,CIN,6,7
662085,2022-06-12,2022,SF,LAD,2,0
662256,2022-06-12,2022,SD,COL,2,4
662127,2022-06-12,2022,SEA,BOS,0,2
663397,2022-06-12,2022,LAA,NYM,1,4
662505,2022-06-13,2022,WSH,ATL,5,9
661629,2022-06-13,2022,PHI,MIA,3,2
661746,2022-06-13,2022,TOR,BAL,11,1
662828,2022-06-13,2022,DET,CWS,5,9
661974,2022-06-13,2022,STL,PIT,7,5
663183,2022-06-13,2022,CHC,SD,1,4
661881,2022-06-13,2022,TEX,HOU,5,3
663345,2022-06-13,2022,AZ,CIN,4,5
662069,2022-06-13,2022,SF,KC,6,2
662126,2022-06-13,2022,SEA,MIN,2,3
662018,2022-06-14,2022,STL,PIT,3,1
661973,2022-06-14,2022,STL,PIT,9,1
662503,2022-06-14,2022,WSH,ATL,4,10
661616,2022-06-14,2022,PHI,MIA,9,11
661328,2022-06-14,2022,NYY,TB,2,0
661745,2022-06-14,2022,TOR,BAL,5,6
663279,2022-06-14,2022,BOS,OAK,6,1
662884,2022-06-14,2022,DET,CWS,1,5
662441,2022-06-14,2022,NYM,MIL,4,0
663182,2022-06-14,2022,CHC,SD,5,12
661880,2022-06-14,2022,TEX,HOU,3,4
662935,2022-06-14,2022,COL,CLE,3,4
663342,2022-06-14,2022,AZ,CIN,3,5
662068,2022-06-14,2022,SF,KC,4,2
662611,2022-06-14,2022,LAD,LAA,2,0
662125,2022-06-14,2022,SEA,MIN,5,0
661583,2022-06-15,2022,PHI,MIA,3,1
662883,2022-06-15,2022,DET,CWS,0,13
661845,2022-06-15,2022,TEX,HOU,2,9
663336,2022-06-15,2022,AZ,CIN,7,4
662082,2022-06-15,2022,SF,KC,2,3
662173,2022-06-15,2022,SEA,MIN,0,5
662504,2022-06-15,2022,WSH,ATL,2,8
661327,2022-06-15,2022,NYY,TB,4,3
661744,2022-06-15,2022,TOR,BAL,7,6
663235,2022-06-15,2022,BOS,OAK,10,1
662480,2022-06-15,2022,NYM,MIL,2,10
661972,2022-06-15,2022,STL,PIT,4,6
663155,2022-06-15,2022,CHC,SD,5,19
662893,2022-06-15,2022,COL,CLE,5,7
662694,2022-06-15,2022,LAD,LAA,4,1
663267,2022-06-16,2022,BOS,OAK,3,4
663125,2022-06-16,2022,CHC,SD,4,6
661743,2022-06-16,2022,TOR,BAL,2,10
662986,2022-06-16,2022,COL,CLE,2,4
662501,2022-06-16,2022,WSH,PHI,1,10
661326,2022-06-16,2022,NYY,TB,2,1
662827,2022-06-16,2022,DET,TEX,1,3
662535,2022-06-16,2022,NYM,MIL,5,4
662172,2022-06-16,2022,SEA,LAA,1,4
662580,2022-06-17,2022,WSH,PHI,3,5
662502,2022-06-17,2022,WSH,PHI,7,8
663124,2022-06-17,2022,CHC,ATL,1,0
661093,2022-06-17,2022,BAL,TB,1,0
663063,2022-06-17,2022,CIN,MIL,4,5
662437,2022-06-17,2022,PIT,SF,0,2
661742,2022-06-17,2022,TOR,NYY,3,12
663256,2022-06-17,2022,BOS,STL,6,5
662826,2022-06-17,2022,DET,TEX,0,7
662534,2022-06-17,2022,NYM,MIA,10,4
662757,2022-06-17,2022,HOU,CWS,13,3
662985,2022-06-17,2022,COL,SD,10,4
662362,2022-06-17,2022,OAK,KC,1,5
663335,2022-06-17,2022,AZ,MIN,7,2
662719,2022-06-17,2022,LAD,CLE,1,2
662171,2022-06-17,2022,SEA,LAA,8,1
663239,2022-06-18,2022,CHC,ATL,6,3
661748,2022-06-18,2022,TOR,NYY,0,4
661123,2022-06-18,2022,PIT,SF,5,7
661127,2022-06-18,2022,BAL,TB,6,7
662368,2022-06-18,2022,OAK,KC,0,2
662194,2022-06-18,2022,SEA,LAA,2,4
662170,2022-06-18,2022,SEA,LAA,0,3
662802,2022-06-18,2022,DET,TEX,14,7
662752,2022-06-18,2022,HOU,CWS,0,7
662533,2022-06-18,2022,NYM,MIA,3,2
663062,2022-06-18,2022,CIN,MIL,3,7
662500,2022-06-18,2022,WSH,PHI,1,2
662686,2022-06-18,2022,LAD,CLE,7,1
663255,2022-06-18,2022,BOS,STL,2,11
662999,2022-06-18,2022,COL,SD,5,4
663351,2022-06-18,2022,AZ,MIN,1,11
662553,2022-06-19,2022,WSH,PHI,9,3
661122,2022-06-19,2022,PIT,SF,4,3
663254,2022-06-19,2022,BOS,STL,6,4
661074,2022-06-19,2022,BAL,TB,2,1
661741,2022-06-19,2022,TOR,NYY,10,9
662807,2022-06-19,2022,DET,TEX,7,3
662532,2022-06-19,2022,NYM,MIA,2,6
663061,2022-06-19,2022,CIN,MIL,3,6
663218,2022-06-19,2022,CHC,ATL,0,6
662998,2022-06-19,2022,COL,SD,8,3
662361,2022-06-19,2022,OAK,KC,4,0
662590,2022-06-19,2022,LAD,CLE,3,5
662169,2022-06-19,2022,SEA,LAA,0,4
663334,2022-06-19,2022,AZ,MIN,7,1
662751,2022-06-19,2022,HOU,CWS,4,3
662522,2022-06-20,2022,NYM,MIA,6,0
661121,2022-06-20,2022,PIT,CHC,12,1
663253,2022-06-20,2022,BOS,DET,5,2
661893,2022-06-20,2022,TB,NYY,2,4
661143,2022-06-20,2022,ATL,SF,2,1
661482,2022-06-20,2022,CWS,TOR,8,7
661186,2022-06-20,2022,MIL,STL,2,0
663443,2022-06-20,2022,LAA,KC,2,6
662221,2022-06-20,2022,SD,AZ,4,1
663041,2022-06-21,2022,CIN,LAD,2,8
661148,2022-06-21,2022,MIA,COL,9,8
661198,2022-06-21,2022,BAL,WSH,0,3
661124,2022-06-21,2022,PIT,CHC,7,1
663246,2022-06-21,2022,BOS,DET,5,4
661890,2022-06-21,2022,TB,NYY,5,4
661142,2022-06-21,2022,ATL,SF,10,12
661677,2022-06-21,2022,MIN,CLE,5,6
661846,2022-06-21,2022,TEX,PHI,7,0
662750,2022-06-21,2022,HOU,NYM,8,2
661481,2022-06-21,2022,CWS,TOR,7,6
661192,2022-06-21,2022,MIL,STL,2,6
663442,2022-06-21,2022,LAA,KC,11,12
662248,2022-06-21,2022,SD,AZ,3,2
662360,2022-06-21,2022,OAK,SEA,2,8
662749,2022-06-22,2022,HOU,NYM,5,3
661457,2022-06-22,2022,CWS,TOR,5,9
661851,2022-06-22,2022,TEX,PHI,4,2
662245,2022-06-22,2022,SD,AZ,10,4
663040,2022-06-22,2022,CIN,LAD,4,8
661393,2022-06-22,2022,MIA,COL,7,4
661246,2022-06-22,2022,BAL,WSH,7,0
661107,2022-06-22,2022,PIT,CHC,5,14
663252,2022-06-22,2022,BOS,DET,6,2
661889,2022-06-22,2022,TB,NYY,4,5
661141,2022-06-22,2022,ATL,SF,4,3
661690,2022-06-22,2022,MIN,CLE,10,11
661230,2022-06-22,2022,MIL,STL,4,5
662359,2022-06-22,2022,OAK,SEA,0,9
663389,2022-06-22,2022,LAA,KC,5,0
661392,2022-06-23,2022,MIA,COL,3,2
661140,2022-06-23,2022,ATL,SF,7,6
663039,2022-06-23,2022,CIN,LAD,5,10
661106,2022-06-23,2022,PIT,CHC,8,7
661685,2022-06-23,2022,MIN,CLE,1,0
661183,2022-06-23,2022,MIL,STL,6,4
662358,2022-06-23,2022,OAK,SEA,1,2
661325,2022-06-23,2022,NYY,HOU,7,6
661456,2022-06-23,2022,CWS,BAL,0,4
662227,2022-06-23,2022,SD,PHI,2,6
661382,2022-06-24,2022,MIA,NYM,3,5
661274,2022-06-24,2022,NYY,HOU,1,3
663054,2022-06-24,2022,CLE,BOS,3,6
661888,2022-06-24,2022,TB,PIT,4,3
661139,2022-06-24,2022,ATL,LAD,1,4
661844,2022-06-24,2022,TEX,WSH,1,2
662664,2022-06-24,2022,KC,OAK,3,1
661684,2022-06-24,2022,MIN,COL,0,1
661455,2022-06-24,2022,CWS,BAL,1,4
661190,2022-06-24,2022,MIL,TOR,4,9
661971,2022-06-24,2022,STL,CHC,0,3
663388,2022-06-24,2022,LAA,SEA,3,4
663333,2022-06-24,2022,AZ,DET,1,5
662255,2022-06-24,2022,SD,PHI,1,0
662067,2022-06-24,2022,SF,CIN,2,4
661271,2022-06-25,2022,NYY,HOU,0,3
661887,2022-06-25,2022,TB,PIT,6,5
661454,2022-06-25,2022,CWS,BAL,2,6
661970,2022-06-25,2022,STL,CHC,5,3
661898,2022-06-25,2022,TEX,WSH,3,2
662672,2022-06-25,2022,KC,OAK,7,9
661381,2022-06-25,2022,MIA,NYM,3,5
661264,2022-06-25,2022,MIL,TOR,5,4
663042,2022-06-25,2022,CLE,BOS,2,4
662083,2022-06-25,2022,SF,CIN,9,2
661686,2022-06-25,2022,MIN,COL,6,0
661138,2022-06-25,2022,ATL,LAD,5,3
663441,2022-06-25,2022,LAA,SEA,3,5
663346,2022-06-25,2022,AZ,DET,3,6
662247,2022-06-25,2022,SD,PHI,2,4
661380,2022-06-26,2022,MIA,NYM,3,2
661273,2022-06-26,2022,NYY,HOU,6,3
663121,2022-06-26,2022,CLE,BOS,3,8
661886,2022-06-26,2022,TB,PIT,4,2
662665,2022-06-26,2022,KC,OAK,3,5
661692,2022-06-26,2022,MIN,COL,6,3
661453,2022-06-26,2022,CWS,BAL,4,3
661206,2022-06-26,2022,MIL,TOR,10,3
661969,2022-06-26,2022,STL,CHC,5,6
661847,2022-06-26,2022,TEX,WSH,4,6
662061,2022-06-26,2022,SF,CIN,3,10
663387,2022-06-26,2022,LAA,SEA,2,1
663331,2022-06-26,2022,AZ,DET,11,7
662254,2022-06-26,2022,SD,PHI,5,8
661512,2022-06-26,2022,ATL,LAD,3,5
662487,2022-06-27,2022,WSH,PIT,3,2
661275,2022-06-27,2022,NYY,OAK,9,5
661740,2022-06-27,2022,TOR,BOS,7,2
663016,2022-06-27,2022,CLE,MIN,1,11
661968,2022-06-27,2022,STL,MIA,9,0
662681,2022-06-27,2022,KC,TEX,4,10
662912,2022-06-27,2022,COL,LAD,4,0
663440,2022-06-27,2022,LAA,CWS,4,3
662168,2022-06-27,2022,SEA,BAL,2,9
663045,2022-06-28,2022,CLE,MIN,3,2
663033,2022-06-28,2022,CLE,MIN,0,6
662484,2022-06-28,2022,WSH,PIT,3,1
661580,2022-06-28,2022,PHI,ATL,3,5
661272,2022-06-28,2022,NYY,OAK,2,1
661728,2022-06-28,2022,TOR,BOS,6,5
662521,2022-06-28,2022,NYM,HOU,1,9
661885,2022-06-28,2022,TB,MIL,3,5
661967,2022-06-28,2022,STL,MIA,5,3
663231,2022-06-28,2022,CHC,CIN,3,5
662615,2022-06-28,2022,KC,TEX,3,8
662911,2022-06-28,2022,COL,LAD,7,4
663392,2022-06-28,2022,LAA,CWS,4,11
663344,2022-06-28,2022,AZ,SD,7,6
662060,2022-06-28,2022,SF,DET,4,3
662186,2022-06-28,2022,SEA,BAL,2,0
661879,2022-06-29,2022,TB,MIL,3,5
662493,2022-06-29,2022,WSH,PIT,7,8
661263,2022-06-29,2022,NYY,OAK,5,3
662440,2022-06-29,2022,NYM,HOU,0,2
662675,2022-06-29,2022,KC,TEX,2,1
663325,2022-06-29,2022,AZ,SD,0,4
662080,2022-06-29,2022,SF,DET,2,3
662151,2022-06-29,2022,SEA,BAL,9,3
661584,2022-06-29,2022,PHI,ATL,1,4
661727,2022-06-29,2022,TOR,BOS,5,6
663030,2022-06-29,2022,CLE,MIN,7,6
661134,2022-06-29,2022,STL,MIA,3,4
663215,2022-06-29,2022,CHC,CIN,8,3
662894,2022-06-29,2022,COL,LAD,4,8
663396,2022-06-29,2022,LAA,CWS,4,1
662983,2022-06-30,2022,CLE,MIN,5,3
661579,2022-06-30,2022,PHI,ATL,14,4
662788,2022-06-30,2022,HOU,NYY,2,1
661105,2022-06-30,2022,PIT,MIL,8,7
661726,2022-06-30,2022,TOR,TB,4,1
663199,2022-06-30,2022,CHC,CIN,15,7
662733,2022-06-30,2022,LAD,SD,3,1
662150,2022-06-30,2022,SEA,OAK,8,6
663185,2022-07-01,2022,CHC,BOS,6,5
661725,2022-07-01,2022,TOR,TB,9,2
661582,2022-07-01,2022,PHI,STL,5,3
662492,2022-07-01,2022,WSH,MIA,3,6
663038,2022-07-01,2022,CIN,ATL,1,9
661104,2022-07-01,2022,PIT,MIL,2,19
662834,2022-07-01,2022,DET,KC,1,3
662439,2022-07-01,2022,NYM,TEX,4,3
662997,2022-07-01,2022,COL,AZ,3,9
662748,2022-07-01,2022,HOU,LAA,8,1
661691,2022-07-01,2022,MIN,BAL,3,2
662609,2022-07-01,2022,LAD,SD,5,1
662149,2022-07-01,2022,SEA,OAK,1,3
662079,2022-07-01,2022,SF,CWS,0,1
661724,2022-07-02,2022,TOR,TB,2,6
661836,2022-07-02,2022,TOR,TB,5,11
662964,2022-07-02,2022,CLE,NYY,4,13
662954,2022-07-02,2022,CLE,NYY,1,6
661683,2022-07-02,2022,MIN,BAL,4,3
661581,2022-07-02,2022,PHI,STL,6,7
662101,2022-07-02,2022,SF,CWS,3,5
662482,2022-07-02,2022,WSH,MIA,3,5
661103,2022-07-02,2022,PIT,MIL,7,4
662890,2022-07-02,2022,HOU,LAA,9,1
662904,2022-07-02,2022,DET,KC,4,3
662163,2022-07-02,2022,SEA,OAK,2,1
662456,2022-07-02,2022,NYM,TEX,3,7
663037,2022-07-02,2022,CIN,ATL,1,4
663198,2022-07-02,2022,CHC,BOS,3,1
662718,2022-07-02,2022,LAD,SD,7,2
662910,2022-07-02,2022,COL,AZ,11,7
662794,2022-07-03,2022,DET,KC,4,7
662486,2022-07-03,2022,WSH,MIA,4,7
661102,2022-07-03,2022,PIT,MIL,0,2
661723,2022-07-03,2022,TOR,TB,3,7
662509,2022-07-03,2022,NYM,TEX,4,1
663052,2022-07-03,2022,CIN,ATL,4,3
662957,2022-07-03,2022,CLE,NYY,2,0
662889,2022-07-03,2022,HOU,LAA,4,2
661689,2022-07-03,2022,MIN,BAL,1,3
663186,2022-07-03,2022,CHC,BOS,2,4
662913,2022-07-03,2022,COL,AZ,6,5
662099,2022-07-03,2022,SF,CWS,4,13
662684,2022-07-03,2022,LAD,SD,2,4
662162,2022-07-03,2022,SEA,OAK,2,1
661630,2022-07-03,2022,PHI,STL,4,0
662541,2022-07-04,2022,WSH,MIA,2,3
661073,2022-07-04,2022,BAL,TEX,7,6
662906,2022-07-04,2022,DET,CLE,4,1
662841,2022-07-04,2022,DET,CLE,5,3
663251,2022-07-04,2022,BOS,TB,4,0
662874,2022-07-04,2022,HOU,KC,7,6
661181,2022-07-04,2022,MIL,CHC,5,2
663343,2022-07-04,2022,AZ,SF,8,3
663036,2022-07-04,2022,CIN,NYM,4,7
662270,2022-07-04,2022,SD,SEA,2,8
661511,2022-07-04,2022,ATL,STL,6,3
661452,2022-07-04,2022,CWS,MIN,3,6
662355,2022-07-04,2022,OAK,TOR,5,1
662732,2022-07-04,2022,LAD,COL,5,3
662226,2022-07-05,2022,SD,SEA,2,6
663035,2022-07-05,2022,CIN,NYM,1,0
661379,2022-07-05,2022,MIA,LAA,2,1
661244,2022-07-05,2022,BAL,TEX,10,9
661578,2022-07-05,2022,PHI,WSH,11,0
662329,2022-07-05,2022,PIT,NYY,5,2
662905,2022-07-05,2022,DET,CLE,11,4
663245,2022-07-05,2022,BOS,TB,4,8
661510,2022-07-05,2022,ATL,STL,7,1
662847,2022-07-05,2022,HOU,KC,9,7
661426,2022-07-05,2022,CWS,MIN,2,8
661187,2022-07-05,2022,MIL,CHC,3,8
663320,2022-07-05,2022,AZ,SF,6,2
662354,2022-07-05,2022,OAK,TOR,5,3
662731,2022-07-05,2022,LAD,COL,5,2
662814,2022-07-06,2022,DET,CLE,8,2
661413,2022-07-06,2022,CWS,MIN,9,8
661225,2022-07-06,2022,MIL,CHC,1,2
662353,2022-07-06,2022,OAK,TOR,1,2
663051,2022-07-06,2022,CIN,NYM,3,8
661378,2022-07-06,2022,MIA,LAA,2,5
661245,2022-07-06,2022,BAL,TEX,2,1
661564,2022-07-06,2022,PHI,WSH,2,3
662328,2022-07-06,2022,PIT,NYY,0,16
663244,2022-07-06,2022,BOS,TB,1,7
661509,2022-07-06,2022,ATL,STL,3,0
662747,2022-07-06,2022,HOU,KC,4,7
663318,2022-07-06,2022,AZ,SF,5,7
662630,2022-07-06,2022,LAD,COL,2,1
662746,2022-07-07,2022,HOU,KC,5,2
663071,2022-07-07,2022,CIN,PIT,2,4
663140,2022-07-07,2022,CIN,PIT,5,1
661566,2022-07-07,2022,PHI,WSH,5,3
661091,2022-07-07,2022,BAL,LAA,4,1
662508,2022-07-07,2022,NYM,MIA,10,0
663233,2022-07-07,2022,BOS,NYY,5,6
661521,2022-07-07,2022,ATL,STL,2,3
661425,2022-07-07,2022,CWS,DET,1,2
663317,2022-07-07,2022,AZ,COL,3,4
662253,2022-07-07,2022,SD,SF,2,1
662730,2022-07-07,2022,LAD,CHC,5,3
662156,2022-07-07,2022,SEA,TOR,8,3
663053,2022-07-08,2022,CIN,TB,2,1
661108,2022-07-08,2022,BAL,LAA,5,4
662498,2022-07-08,2022,NYM,MIA,2,5
663202,2022-07-08,2022,BOS,NYY,5,12
661522,2022-07-08,2022,ATL,WSH,12,2
661843,2022-07-08,2022,TEX,MIN,6,5
662614,2022-07-08,2022,KC,CLE,4,3
661412,2022-07-08,2022,CWS,DET,5,7
661177,2022-07-08,2022,MIL,PIT,4,3
661136,2022-07-08,2022,STL,PHI,0,2
663319,2022-07-08,2022,AZ,COL,5,6
662352,2022-07-08,2022,OAK,HOU,3,8
662225,2022-07-08,2022,SD,SF,6,3
662610,2022-07-08,2022,LAD,CHC,4,3
662155,2022-07-08,2022,SEA,TOR,5,2
661411,2022-07-09,2022,CWS,DET,8,0
661137,2022-07-09,2022,STL,PHI,0,1
661071,2022-07-09,2022,BAL,LAA,1,0
661842,2022-07-09,2022,TEX,MIN,9,7
662351,2022-07-09,2022,OAK,HOU,3,2
663310,2022-07-09,2022,AZ,COL,9,2
662663,2022-07-09,2022,KC,CLE,1,13
663092,2022-07-09,2022,CIN,TB,5,4
661508,2022-07-09,2022,ATL,WSH,4,3
662497,2022-07-09,2022,NYM,MIA,5,4
661224,2022-07-09,2022,MIL,PIT,3,4
662266,2022-07-09,2022,SD,SF,1,3
663223,2022-07-09,2022,BOS,NYY,6,5
662683,2022-07-09,2022,LAD,CHC,4,2
662147,2022-07-09,2022,SEA,TOR,2,1
661092,2022-07-10,2022,BAL,LAA,9,5
661520,2022-07-10,2022,ATL,WSH,4,3
663048,2022-07-10,2022,CIN,TB,10,5
662496,2022-07-10,2022,NYM,MIA,0,2
662662,2022-07-10,2022,KC,CLE,5,1
661410,2022-07-10,2022,CWS,DET,4,2
661178,2022-07-10,2022,MIL,PIT,6,8
661135,2022-07-10,2022,STL,PHI,4,3
661808,2022-07-10,2022,TEX,MIN,5,6
662215,2022-07-10,2022,OAK,HOU,1,6
663307,2022-07-10,2022,AZ,COL,2,3
662729,2022-07-10,2022,LAD,CHC,11,9
662198,2022-07-10,2022,SD,SF,0,12
662183,2022-07-10,2022,SEA,TOR,6,5
663232,2022-07-10,2022,BOS,NYY,11,6
662700,2022-07-11,2022,KC,DET,3,1
662661,2022-07-11,2022,KC,DET,7,3
661324,2022-07-11,2022,MIA,PIT,1,5
661878,2022-07-11,2022,TB,BOS,10,5
662956,2022-07-11,2022,CLE,CWS,8,4
661120,2022-07-11,2022,STL,PHI,6,1
661507,2022-07-11,2022,ATL,NYM,1,4
661814,2022-07-11,2022,TEX,OAK,10,8
662996,2022-07-11,2022,COL,SD,5,6
662100,2022-07-11,2022,SF,AZ,3,4
663087,2022-07-12,2022,CLE,CWS,4,1
662976,2022-07-12,2022,CLE,CWS,0,7
661377,2022-07-12,2022,MIA,PIT,2,3
661262,2022-07-12,2022,NYY,CIN,3,4
661722,2022-07-12,2022,TOR,PHI,4,3
661877,2022-07-12,2022,TB,BOS,3,2
661506,2022-07-12,2022,ATL,NYM,4,1
661688,2022-07-12,2022,MIN,MIL,3,6
661119,2022-07-12,2022,STL,LAD,7,6
663187,2022-07-12,2022,CHC,BAL,2,4
661813,2022-07-12,2022,TEX,OAK,7,14
662660,2022-07-12,2022,KC,DET,5,7
662984,2022-07-12,2022,COL,SD,5,3
663402,2022-07-12,2022,LAA,HOU,5,6
662108,2022-07-12,2022,SF,AZ,13,0
662517,2022-07-13,2022,WSH,SEA,4,6
662531,2022-07-13,2022,WSH,SEA,1,2
661505,2022-07-13,2022,ATL,NYM,3,7
661687,2022-07-13,2022,MIN,MIL,4,1
662659,2022-07-13,2022,KC,DET,5,2
662107,2022-07-13,2022,SF,AZ,4,3
661376,2022-07-13,2022,MIA,PIT,5,4
661269,2022-07-13,2022,NYY,CIN,7,6
661721,2022-07-13,2022,TOR,PHI,8,2
661876,2022-07-13,2022,TB,BOS,4,1
662949,2022-07-13,2022,CLE,CWS,1,2
661118,2022-07-13,2022,STL,LAD,6,7
663230,2022-07-13,2022,CHC,BAL,1,7
661812,2022-07-13,2022,TEX,OAK,5,2
662895,2022-07-13,2022,COL,SD,10,6
663401,2022-07-13,2022,LAA,HOU,7,1
661375,2022-07-14,2022,MIA,PIT,3,2
661100,2022-07-14,2022,COL,SD,8,5
662518,2022-07-14,2022,WSH,ATL,4,5
661261,2022-07-14,2022,NYY,CIN,6,7
661720,2022-07-14,2022,TOR,KC,1,3
663123,2022-07-14,2022,CLE,DET,4,0
661875,2022-07-14,2022,TB,BOS,5,4
661117,2022-07-14,2022,STL,LAD,0,4
661675,2022-07-14,2022,MIN,CWS,2,12
661101,2022-07-14,2022,CHC,NYM,0,8
661811,2022-07-14,2022,TEX,SEA,5,6
663386,2022-07-14,2022,LAA,HOU,2,3
662109,2022-07-14,2022,SF,MIL,2,3
661374,2022-07-15,2022,MIA,PHI,1,2
662516,2022-07-15,2022,WSH,ATL,4,8
661260,2022-07-15,2022,NYY,BOS,4,5
661719,2022-07-15,2022,TOR,KC,8,1
662942,2022-07-15,2022,CLE,DET,6,5
661874,2022-07-15,2022,TB,BAL,5,4
661810,2022-07-15,2022,TEX,SEA,3,8
662923,2022-07-15,2022,HOU,OAK,1,5
661674,2022-07-15,2022,MIN,CWS,2,6
661116,2022-07-15,2022,STL,CIN,7,3
661113,2022-07-15,2022,COL,PIT,13,2
663385,2022-07-15,2022,LAA,LAD,1,9
662197,2022-07-15,2022,SD,AZ,5,3
662072,2022-07-15,2022,SF,MIL,8,5
661673,2022-07-16,2022,MIN,CWS,6,3
661966,2022-07-16,2022,STL,CIN,11,3
661114,2022-07-16,2022,CHC,NYM,1,2
661115,2022-07-16,2022,CHC,NYM,3,4
661718,2022-07-16,2022,TOR,KC,6,5
661081,2022-07-16,2022,COL,PIT,2,0
661809,2022-07-16,2022,TEX,SEA,2,3
662483,2022-07-16,2022,WSH,ATL,3,6
662952,2022-07-16,2022,CLE,DET,10,0
662909,2022-07-16,2022,HOU,OAK,5,0
661873,2022-07-16,2022,TB,BAL,4,6
661359,2022-07-16,2022,MIA,PHI,0,10
661259,2022-07-16,2022,NYY,BOS,14,1
662113,2022-07-16,2022,SF,MIL,2,1
662271,2022-07-16,2022,SD,AZ,4,3
663415,2022-07-16,2022,LAA,LAD,1,7
661717,2022-07-17,2022,TOR,KC,4,2
662530,2022-07-17,2022,WSH,ATL,7,3
661258,2022-07-17,2022,NYY,BOS,13,2
661872,2022-07-17,2022,TB,BAL,7,5
661373,2022-07-17,2022,MIA,PHI,0,4
662908,2022-07-17,2022,HOU,OAK,3,4
661672,2022-07-17,2022,MIN,CWS,0,11
661082,2022-07-17,2022,CHC,NYM,3,2
661821,2022-07-17,2022,TEX,SEA,2,6
661080,2022-07-17,2022,COL,PIT,3,8
662059,2022-07-17,2022,SF,MIL,9,5
662269,2022-07-17,2022,SD,AZ,1,3
661421,2022-07-21,2022,MIA,TEX,0,8
662776,2022-07-21,2022,HOU,NYY,3,2
662775,2022-07-21,2022,HOU,NYY,7,5
662411,2022-07-21,2022,OAK,DET,2,7
662408,2022-07-21,2022,OAK,DET,5,0
662685,2022-07-21,2022,LAD,SF,9,6
663060,2022-07-22,2022,CIN,STL,9,5
661560,2022-07-22,2022,PHI,CHC,2,15
662327,2022-07-22,2022,PIT,MIA,1,8
661072,2022-07-22,2022,BAL,NYY,6,7
662481,2022-07-22,2022,NYM,SD,1,4
663222,2022-07-22,2022,BOS,TOR,5,28
661504,2022-07-22,2022,ATL,LAA,8,1
662658,2022-07-22,2022,KC,TB,3,7
661409,2022-07-22,2022,CWS,CLE,2,8
661193,2022-07-22,2022,MIL,COL,6,5
663306,2022-07-22,2022,AZ,WSH,10,1
662344,2022-07-22,2022,OAK,TEX,5,4
662167,2022-07-22,2022,SEA,HOU,2,5
662589,2022-07-22,2022,LAD,SF,5,1
661523,2022-07-23,2022,CWS,CLE,4,7
661408,2022-07-23,2022,CWS,CLE,5,4
662146,2022-07-23,2022,SEA,HOU,1,3
663221,2022-07-23,2022,BOS,TOR,1,4
661559,2022-07-23,2022,PHI,CHC,2,6
662902,2022-07-23,2022,DET,MIN,4,8
663047,2022-07-23,2022,CIN,STL,3,6
662436,2022-07-23,2022,PIT,MIA,1,0
661057,2022-07-23,2022,BAL,NYY,6,3
662495,2022-07-23,2022,NYM,SD,1,2
662657,2022-07-23,2022,KC,TB,6,3
661201,2022-07-23,2022,MIL,COL,9,4
662608,2022-07-23,2022,LAD,SF,4,2
661503,2022-07-23,2022,ATL,LAA,7,2
663305,2022-07-23,2022,AZ,WSH,7,2
662348,2022-07-23,2022,OAK,TEX,3,1
661556,2022-07-24,2022,PHI,CHC,3,4
663220,2022-07-24,2022,BOS,TOR,4,8
661502,2022-07-24,2022,ATL,LAA,1,9
662357,2022-07-24,2022,PIT,MIA,5,6
661056,2022-07-24,2022,BAL,NYY,0,6
663059,2022-07-24,2022,CIN,STL,6,3
662901,2022-07-24,2022,DET,MIN,1,9
662656,2022-07-24,2022,KC,TB,4,2
661407,2022-07-24,2022,CWS,CLE,6,3
661184,2022-07-24,2022,MIL,COL,10,9
662343,2022-07-24,2022,OAK,TEX,8,11
663316,2022-07-24,2022,AZ,WSH,3,4
662145,2022-07-24,2022,SEA,HOU,5,8
662682,2022-07-24,2022,LAD,SF,7,4
662458,2022-07-24,2022,NYM,SD,8,5
663046,2022-07-25,2022,CIN,MIA,11,2
661055,2022-07-25,2022,BAL,TB,5,1
661555,2022-07-25,2022,PHI,ATL,6,4
663219,2022-07-25,2022,BOS,CLE,3,1
662809,2022-07-25,2022,DET,SD,12,4
661065,2022-07-25,2022,CHC,PIT,3,2
662655,2022-07-25,2022,KC,LAA,7,0
661231,2022-07-25,2022,MIL,COL,0,2
662347,2022-07-25,2022,OAK,HOU,7,5
663315,2022-07-25,2022,AZ,SF,7,0
662576,2022-07-25,2022,LAD,WSH,1,4
662166,2022-07-25,2022,SEA,TEX,4,3
661064,2022-07-26,2022,CHC,PIT,4,2
663029,2022-07-26,2022,CIN,MIA,1,2
661054,2022-07-26,2022,BAL,TB,5,3
661563,2022-07-26,2022,PHI,ATL,3,6
661716,2022-07-26,2022,TOR,STL,10,3
663203,2022-07-26,2022,BOS,CLE,3,8
662813,2022-07-26,2022,DET,SD,4,6
662438,2022-07-26,2022,NYM,NYY,6,3
662653,2022-07-26,2022,KC,LAA,0,6
661281,2022-07-26,2022,MIL,MIN,7,6
661079,2022-07-26,2022,COL,CWS,1,2
662346,2022-07-26,2022,OAK,HOU,5,3
663314,2022-07-26,2022,AZ,SF,7,3
662573,2022-07-26,2022,LAD,WSH,3,8
662184,2022-07-26,2022,SEA,TEX,5,4
661554,2022-07-27,2022,PHI,ATL,7,2
662900,2022-07-27,2022,DET,SD,4,3
662652,2022-07-27,2022,KC,LAA,0,4
661249,2022-07-27,2022,MIL,MIN,10,4
662565,2022-07-27,2022,LAD,WSH,7,1
661078,2022-07-27,2022,COL,CWS,6,5
662345,2022-07-27,2022,OAK,HOU,4,2
663294,2022-07-27,2022,AZ,SF,5,3
662165,2022-07-27,2022,SEA,TEX,4,2
663028,2022-07-27,2022,CIN,MIA,5,3
661053,2022-07-27,2022,BAL,TB,4,6
661715,2022-07-27,2022,TOR,STL,1,6
663191,2022-07-27,2022,BOS,CLE,6,7
662420,2022-07-27,2022,NYM,NYY,3,2
661052,2022-07-28,2022,BAL,TB,3,0
663027,2022-07-28,2022,CIN,MIA,6,7
662326,2022-07-28,2022,PIT,PHI,7,8
661257,2022-07-28,2022,NYY,KC,1,0
661714,2022-07-28,2022,TOR,DET,5,3
663200,2022-07-28,2022,BOS,CLE,4,2
662907,2022-07-28,2022,HOU,SEA,4,2
661077,2022-07-28,2022,COL,LAD,0,13
663380,2022-07-28,2022,LAA,TEX,0,2
662058,2022-07-28,2022,SF,CHC,4,2
663026,2022-07-29,2022,CIN,BAL,2,6
661372,2022-07-29,2022,MIA,NYM,4,6
662477,2022-07-29,2022,WSH,STL,2,6
662435,2022-07-29,2022,PIT,PHI,2,4
661256,2022-07-29,2022,NYY,KC,11,5
661713,2022-07-29,2022,TOR,DET,2,4
661871,2022-07-29,2022,TB,CLE,1,4
663190,2022-07-29,2022,BOS,MIL,1,4
661501,2022-07-29,2022,ATL,AZ,5,2
662745,2022-07-29,2022,HOU,SEA,11,1
661406,2022-07-29,2022,CWS,OAK,3,7
661076,2022-07-29,2022,COL,LAD,4,5
663379,2022-07-29,2022,LAA,TEX,2,7
662268,2022-07-29,2022,SD,MIN,10,1
662057,2022-07-29,2022,SF,CHC,2,4
661870,2022-07-30,2022,TB,CLE,6,4
661255,2022-07-30,2022,NYY,KC,8,2
661712,2022-07-30,2022,TOR,DET,5,3
663192,2022-07-30,2022,BOS,MIL,4,9
661371,2022-07-30,2022,MIA,NYM,0,4
663025,2022-07-30,2022,CIN,BAL,8,2
662738,2022-07-30,2022,HOU,SEA,4,5
662476,2022-07-30,2022,WSH,STL,7,6
662196,2022-07-30,2022,SD,MIN,4,7
662415,2022-07-30,2022,PIT,PHI,1,2
661451,2022-07-30,2022,CWS,OAK,3,2
661499,2022-07-30,2022,ATL,AZ,6,2
662989,2022-07-30,2022,COL,LAD,5,3
662112,2022-07-30,2022,SF,CHC,5,4
663378,2022-07-30,2022,LAA,TEX,9,7
661711,2022-07-31,2022,TOR,DET,4,1
662475,2022-07-31,2022,WSH,STL,0,5
662414,2022-07-31,2022,PIT,PHI,2,8
661498,2022-07-31,2022,ATL,AZ,1,0
661254,2022-07-31,2022,NYY,KC,6,8
663189,2022-07-31,2022,BOS,MIL,7,2
663024,2022-07-31,2022,CIN,BAL,3,2
661869,2022-07-31,2022,TB,CLE,3,5
661370,2022-07-31,2022,MIA,NYM,3,9
662918,2022-07-31,2022,HOU,SEA,3,2
661388,2022-07-31,2022,CWS,OAK,4,1
662988,2022-07-31,2022,COL,LAD,3,7
663377,2022-07-31,2022,LAA,TEX,2,5
662267,2022-07-31,2022,SD,MIN,3,2
662071,2022-07-31,2022,SF,CHC,4,0
661369,2022-08-01,2022,MIA,CIN,1,3
662474,2022-08-01,2022,WSH,NYM,3,7
661268,2022-08-01,2022,NYY,SEA,7,2
662947,2022-08-01,2022,CLE,AZ,6,5
661671,2022-08-01,2022,MIN,DET,5,3
661820,2022-08-01,2022,TEX,BAL,2,7
662737,2022-08-01,2022,HOU,BOS,2,3
661387,2022-08-01,2022,CWS,KC,1,2
662224,2022-08-01,2022,SD,COL,4,1
662070,2022-08-01,2022,SF,LAD,2,8
662250,2022-08-02,2022,SD,COL,13,5
662220,2022-08-02,2022,SD,COL,3,2
661368,2022-08-02,2022,MIA,CIN,1,2
662529,2022-08-02,2022,WSH,NYM,5,1
661253,2022-08-02,2022,NYY,SEA,6,8
662298,2022-08-02,2022,PIT,MIL,5,3
662941,2022-08-02,2022,CLE,AZ,3,6
661868,2022-08-02,2022,TB,TOR,1,3
661496,2022-08-02,2022,ATL,PHI,13,1
661661,2022-08-02,2022,MIN,DET,3,5
661959,2022-08-02,2022,STL,CHC,6,0
661819,2022-08-02,2022,TEX,BAL,2,8
662736,2022-08-02,2022,HOU,BOS,1,2
661386,2022-08-02,2022,CWS,KC,9,2
663376,2022-08-02,2022,LAA,OAK,3,1
662056,2022-08-02,2022,SF,LAD,5,9
661867,2022-08-03,2022,TB,TOR,3,2
661500,2022-08-03,2022,ATL,PHI,1,3
661293,2022-08-03,2022,NYY,SEA,3,7
662946,2022-08-03,2022,CLE,AZ,7,4
661664,2022-08-03,2022,MIN,DET,4,1
661818,2022-08-03,2022,TEX,BAL,3,6
662725,2022-08-03,2022,HOU,BOS,6,1
661385,2022-08-03,2022,CWS,KC,4,1
662552,2022-08-03,2022,WSH,NYM,5,9
661367,2022-08-03,2022,MIA,CIN,3,0
662324,2022-08-03,2022,PIT,MIL,8,7
663375,2022-08-03,2022,LAA,OAK,1,3
662244,2022-08-03,2022,SD,COL,9,1
662055,2022-08-03,2022,SF,LAD,0,3
662303,2022-08-04,2022,PIT,MIL,5,4
661945,2022-08-04,2022,STL,CHC,4,3
661932,2022-08-04,2022,STL,CHC,7,2
662114,2022-08-04,2022,SF,LAD,3,5
663374,2022-08-04,2022,LAA,OAK,7,8
662219,2022-08-04,2022,SD,COL,3,7
661565,2022-08-04,2022,PHI,WSH,5,4
662975,2022-08-04,2022,CLE,HOU,0,6
662812,2022-08-04,2022,DET,TB,2,6
662419,2022-08-04,2022,NYM,ATL,6,4
661660,2022-08-04,2022,MIN,TOR,3,9
661817,2022-08-04,2022,TEX,CWS,3,2
662651,2022-08-04,2022,KC,BOS,7,3
661063,2022-08-05,2022,CHC,MIA,2,1
661048,2022-08-05,2022,BAL,PIT,1,0
661562,2022-08-05,2022,PHI,WSH,7,2
662945,2022-08-05,2022,CLE,HOU,3,9
662811,2022-08-05,2022,DET,TB,3,5
662418,2022-08-05,2022,NYM,ATL,6,9
661816,2022-08-05,2022,TEX,CWS,1,2
662650,2022-08-05,2022,KC,BOS,4,7
661659,2022-08-05,2022,MIN,TOR,6,5
661174,2022-08-05,2022,MIL,CIN,5,1
661946,2022-08-05,2022,STL,NYY,4,3
663313,2022-08-05,2022,AZ,COL,6,5
662564,2022-08-05,2022,LAD,SD,8,1
662164,2022-08-05,2022,SEA,LAA,3,4
662499,2022-08-06,2022,NYM,ATL,8,5
662417,2022-08-06,2022,NYM,ATL,6,2
661062,2022-08-06,2022,CHC,MIA,4,0
662154,2022-08-06,2022,SEA,LAA,2,1
662193,2022-08-06,2022,SEA,LAA,1,7
661050,2022-08-06,2022,BAL,PIT,6,3
661561,2022-08-06,2022,PHI,WSH,11,5
662937,2022-08-06,2022,CLE,HOU,4,1
662856,2022-08-06,2022,DET,TB,9,1
661815,2022-08-06,2022,TEX,CWS,8,0
662308,2022-08-06,2022,OAK,SF,3,7
662649,2022-08-06,2022,KC,BOS,5,4
661662,2022-08-06,2022,MIN,TOR,7,3
661949,2022-08-06,2022,STL,NYY,1,0
661173,2022-08-06,2022,MIL,CIN,5,7
663288,2022-08-06,2022,AZ,COL,2,3
662654,2022-08-06,2022,LAD,SD,8,3
662944,2022-08-07,2022,CLE,HOU,1,0
661049,2022-08-07,2022,BAL,PIT,1,8
661558,2022-08-07,2022,PHI,WSH,13,1
662810,2022-08-07,2022,DET,TB,0,7
662648,2022-08-07,2022,KC,BOS,13,5
661653,2022-08-07,2022,MIN,TOR,2,3
661172,2022-08-07,2022,MIL,CIN,2,4
661948,2022-08-07,2022,STL,NYY,12,9
661061,2022-08-07,2022,CHC,MIA,0,3
661835,2022-08-07,2022,TEX,CWS,2,8
662332,2022-08-07,2022,OAK,SF,4,6
663300,2022-08-07,2022,AZ,COL,6,4
662153,2022-08-07,2022,SEA,LAA,6,3
662416,2022-08-07,2022,NYM,ATL,5,2
662563,2022-08-07,2022,LAD,SD,4,0
661047,2022-08-08,2022,BAL,TOR,7,4
662445,2022-08-08,2022,NYM,CIN,5,1
661060,2022-08-08,2022,CHC,WSH,6,3
662331,2022-08-08,2022,OAK,LAA,0,1
663304,2022-08-08,2022,AZ,PIT,3,0
662218,2022-08-08,2022,SD,SF,0,1
662152,2022-08-08,2022,SEA,NYY,4,9
662647,2022-08-09,2022,KC,CWS,4,2
662779,2022-08-09,2022,KC,CWS,2,3
661046,2022-08-09,2022,BAL,TOR,6,5
661553,2022-08-09,2022,PHI,MIA,4,1
662793,2022-08-09,2022,DET,CLE,2,5
662444,2022-08-09,2022,NYM,CIN,6,2
663201,2022-08-09,2022,BOS,ATL,7,9
661059,2022-08-09,2022,CHC,WSH,5,6
662724,2022-08-09,2022,HOU,TEX,7,5
661182,2022-08-09,2022,MIL,TB,5,3
662979,2022-08-09,2022,COL,STL,16,5
662330,2022-08-09,2022,OAK,LAA,1,5
663303,2022-08-09,2022,AZ,PIT,6,4
662246,2022-08-09,2022,SD,SF,7,4
662562,2022-08-09,2022,LAD,MIN,10,3
662148,2022-08-09,2022,SEA,NYY,1,0
662443,2022-08-10,2022,NYM,CIN,10,2
661207,2022-08-10,2022,MIL,TB,4,3
663229,2022-08-10,2022,CHC,WSH,4,2
662316,2022-08-10,2022,OAK,LAA,4,5
662217,2022-08-10,2022,SD,SF,13,7
662185,2022-08-10,2022,SEA,NYY,4,3
661557,2022-08-10,2022,PHI,MIA,4,3
662791,2022-08-10,2022,DET,CLE,2,3
663188,2022-08-10,2022,BOS,ATL,4,8
662723,2022-08-10,2022,HOU,TEX,4,8
662639,2022-08-10,2022,KC,CWS,8,3
662892,2022-08-10,2022,COL,STL,5,9
663302,2022-08-10,2022,AZ,PIT,4,6
662575,2022-08-10,2022,LAD,MIN,8,5
661608,2022-08-11,2022,PHI,MIA,0,3
662790,2022-08-11,2022,DET,CLE,3,4
662722,2022-08-11,2022,HOU,TEX,7,3
662645,2022-08-11,2022,KC,CWS,5,3
662891,2022-08-11,2022,COL,STL,8,6
663293,2022-08-11,2022,AZ,PIT,9,3
663274,2022-08-11,2022,BOS,BAL,4,3
663023,2022-08-11,2022,CIN,CHC,2,4
661366,2022-08-12,2022,MIA,ATL,3,4
662551,2022-08-12,2022,WSH,SD,5,10
661710,2022-08-12,2022,TOR,CLE,0,8
661866,2022-08-12,2022,TB,BAL,3,10
662434,2022-08-12,2022,NYM,PHI,1,2
661384,2022-08-12,2022,CWS,DET,2,0
663177,2022-08-12,2022,BOS,NYY,3,2
661791,2022-08-12,2022,TEX,SEA,2,6
662671,2022-08-12,2022,KC,LAD,3,8
662817,2022-08-12,2022,HOU,OAK,7,5
661947,2022-08-12,2022,STL,MIL,3,1
662978,2022-08-12,2022,COL,AZ,5,3
663373,2022-08-12,2022,LAA,MIN,0,4
662111,2022-08-12,2022,SF,PIT,5,3
661428,2022-08-13,2022,MIA,ATL,2,5
661360,2022-08-13,2022,MIA,ATL,2,6
661709,2022-08-13,2022,TOR,CLE,2,1
661865,2022-08-13,2022,TB,BAL,8,2
663022,2022-08-13,2022,CIN,CHC,2,7
662473,2022-08-13,2022,WSH,SD,4,3
662670,2022-08-13,2022,KC,LAD,3,13
662824,2022-08-13,2022,HOU,OAK,8,0
662428,2022-08-13,2022,NYM,PHI,1,0
661383,2022-08-13,2022,CWS,DET,6,4
661790,2022-08-13,2022,TEX,SEA,7,4
663176,2022-08-13,2022,BOS,NYY,2,3
661951,2022-08-13,2022,STL,MIL,2,3
662882,2022-08-13,2022,COL,AZ,0,6
662110,2022-08-13,2022,SF,PIT,2,0
663372,2022-08-13,2022,LAA,MIN,5,3
662472,2022-08-14,2022,WSH,SD,0,6
661708,2022-08-14,2022,TOR,CLE,2,7
663021,2022-08-14,2022,CIN,CHC,8,5
661864,2022-08-14,2022,TB,BAL,4,1
662427,2022-08-14,2022,NYM,PHI,6,0
661338,2022-08-14,2022,MIA,ATL,1,3
662669,2022-08-14,2022,KC,LAD,4,0
662801,2022-08-14,2022,HOU,OAK,6,3
661450,2022-08-14,2022,CWS,DET,5,3
661957,2022-08-14,2022,STL,MIL,6,3
661789,2022-08-14,2022,TEX,SEA,5,3
662881,2022-08-14,2022,COL,AZ,4,7
662035,2022-08-14,2022,SF,PIT,8,7
663371,2022-08-14,2022,LAA,MIN,4,2
663175,2022-08-14,2022,BOS,NYY,3,0
662977,2022-08-15,2022,CLE,DET,4,1
662948,2022-08-15,2022,CLE,DET,5,7
663020,2022-08-15,2022,CIN,PHI,3,4
661358,2022-08-15,2022,MIA,SD,3,0
662471,2022-08-15,2022,WSH,CHC,5,4
661283,2022-08-15,2022,NYY,TB,0,4
661707,2022-08-15,2022,TOR,BAL,3,7
661497,2022-08-15,2022,ATL,NYM,13,1
661676,2022-08-15,2022,MIN,KC,4,2
661834,2022-08-15,2022,TEX,OAK,2,1
661449,2022-08-15,2022,CWS,HOU,4,2
661199,2022-08-15,2022,MIL,LAD,0,4
663370,2022-08-15,2022,LAA,SEA,2,6
662034,2022-08-15,2022,SF,AZ,6,1
663019,2022-08-16,2022,CIN,PHI,4,11
661357,2022-08-16,2022,MIA,SD,4,3
662550,2022-08-16,2022,WSH,CHC,5,7
662302,2022-08-16,2022,PIT,BOS,3,5
661250,2022-08-16,2022,NYY,TB,1,3
661706,2022-08-16,2022,TOR,BAL,2,4
662943,2022-08-16,2022,CLE,DET,3,4
661495,2022-08-16,2022,ATL,NYM,5,0
661682,2022-08-16,2022,MIN,KC,9,0
661955,2022-08-16,2022,STL,COL,5,4
661833,2022-08-16,2022,TEX,OAK,1,5
661448,2022-08-16,2022,CWS,HOU,4,3
661191,2022-08-16,2022,MIL,LAD,5,4
663369,2022-08-16,2022,LAA,SEA,2,8
662004,2022-08-16,2022,SF,AZ,2,1
663017,2022-08-17,2022,CIN,PHI,1,0
662470,2022-08-17,2022,WSH,CHC,2,3
661654,2022-08-17,2022,MIN,KC,4,0
661705,2022-08-17,2022,TOR,BAL,6,1
663408,2022-08-17,2022,LAA,SEA,7,11
661356,2022-08-17,2022,MIA,SD,3,10
662301,2022-08-17,2022,PIT,BOS,3,8
661266,2022-08-17,2022,NYY,TB,8,7
662951,2022-08-17,2022,CLE,DET,8,4
661494,2022-08-17,2022,ATL,NYM,7,9
661938,2022-08-17,2022,STL,COL,5,1
661788,2022-08-17,2022,TEX,OAK,2,7
661447,2022-08-17,2022,CWS,HOU,2,3
661171,2022-08-17,2022,MIL,LAD,1,2
662003,2022-08-17,2022,SF,AZ,2,3
661937,2022-08-18,2022,STL,COL,13,0
661787,2022-08-18,2022,TEX,OAK,10,3
661446,2022-08-18,2022,CWS,HOU,5,21
661179,2022-08-18,2022,MIL,LAD,5,3
661109,2022-08-18,2022,BAL,CHC,2,3
662002,2022-08-18,2022,SF,AZ,0,5
662413,2022-08-18,2022,PIT,BOS,8,2
661265,2022-08-18,2022,NYY,TOR,2,9
661863,2022-08-18,2022,TB,KC,7,1
661493,2022-08-18,2022,ATL,NYM,3,2
662182,2022-08-18,2022,SD,WSH,1,3
663228,2022-08-19,2022,CHC,MIL,8,7
661044,2022-08-19,2022,BAL,BOS,15,10
662396,2022-08-19,2022,PIT,CIN,5,4
661607,2022-08-19,2022,PHI,NYM,2,7
661319,2022-08-19,2022,NYY,TOR,0,4
662808,2022-08-19,2022,DET,LAA,0,1
661862,2022-08-19,2022,TB,KC,2,3
662936,2022-08-19,2022,CLE,CWS,5,2
661492,2022-08-19,2022,ATL,HOU,6,2
661655,2022-08-19,2022,MIN,TEX,2,1
662880,2022-08-19,2022,COL,SF,7,4
662181,2022-08-19,2022,SD,WSH,3,6
662341,2022-08-19,2022,OAK,SEA,2,10
663292,2022-08-19,2022,AZ,STL,1,5
662574,2022-08-19,2022,LAD,MIA,2,1
661628,2022-08-20,2022,PHI,NYM,2,8
661606,2022-08-20,2022,PHI,NYM,4,1
661240,2022-08-20,2022,NYY,TOR,2,5
662917,2022-08-20,2022,DET,LAA,4,3
663116,2022-08-20,2022,CHC,MIL,6,5
661043,2022-08-20,2022,BAL,BOS,3,4
661861,2022-08-20,2022,TB,KC,5,2
662953,2022-08-20,2022,CLE,CWS,0,2
662395,2022-08-20,2022,PIT,CIN,1,10
661670,2022-08-20,2022,MIN,TEX,3,4
662340,2022-08-20,2022,OAK,SEA,4,3
661610,2022-08-20,2022,ATL,HOU,5,4
662879,2022-08-20,2022,COL,SF,4,3
663291,2022-08-20,2022,AZ,STL,7,16
662180,2022-08-20,2022,SD,WSH,2,1
662561,2022-08-20,2022,LAD,MIA,7,0
662300,2022-08-21,2022,PIT,CIN,5,9
661602,2022-08-21,2022,PHI,NYM,9,10
661480,2022-08-21,2022,ATL,HOU,4,5
661239,2022-08-21,2022,NYY,TOR,4,2
662805,2022-08-21,2022,DET,LAA,4,0
661860,2022-08-21,2022,TB,KC,3,2
661652,2022-08-21,2022,MIN,TEX,0,7
663115,2022-08-21,2022,CHC,MIL,2,5
662878,2022-08-21,2022,COL,SF,8,9
662315,2022-08-21,2022,OAK,SEA,5,3
662179,2022-08-21,2022,SD,WSH,2,1
663301,2022-08-21,2022,AZ,STL,4,6
662600,2022-08-21,2022,LAD,MIA,10,3
661051,2022-08-21,2022,BAL,BOS,5,3
662767,2022-08-22,2022,KC,CWS,6,4
661601,2022-08-22,2022,PHI,CIN,4,1
662394,2022-08-22,2022,PIT,ATL,1,2
661238,2022-08-22,2022,NYY,NYM,4,2
661859,2022-08-22,2022,TB,LAA,2,1
661658,2022-08-22,2022,MIN,TEX,1,2
663114,2022-08-22,2022,CHC,STL,0,1
662314,2022-08-22,2022,OAK,MIA,0,3
662594,2022-08-22,2022,LAD,MIL,0,4
663163,2022-08-23,2022,CHC,STL,2,0
663113,2022-08-23,2022,CHC,STL,3,13
661600,2022-08-23,2022,PHI,CIN,7,6
662383,2022-08-23,2022,PIT,ATL,1,6
663461,2022-08-23,2022,BAL,CWS,5,3
661237,2022-08-23,2022,NYY,NYM,4,2
662914,2022-08-23,2022,DET,SF,1,3
661858,2022-08-23,2022,TB,LAA,11,1
663174,2022-08-23,2022,BOS,TOR,3,9
662668,2022-08-23,2022,KC,AZ,3,7
662800,2022-08-23,2022,HOU,MIN,4,2
662876,2022-08-23,2022,COL,TEX,7,6
662213,2022-08-23,2022,SD,CLE,1,3
662339,2022-08-23,2022,OAK,MIA,3,5
662142,2022-08-23,2022,SEA,WSH,4,2
662605,2022-08-23,2022,LAD,MIL,10,1
662371,2022-08-24,2022,PIT,ATL,2,14
662916,2022-08-24,2022,DET,SF,6,1
662877,2022-08-24,2022,COL,TEX,4,16
662338,2022-08-24,2022,OAK,MIA,3,2
662212,2022-08-24,2022,SD,CLE,0,7
662144,2022-08-24,2022,SEA,WSH,1,3
661605,2022-08-24,2022,PHI,CIN,7,5
663460,2022-08-24,2022,BAL,CWS,3,5
661857,2022-08-24,2022,TB,LAA,4,3
663173,2022-08-24,2022,BOS,TOR,2,3
663216,2022-08-24,2022,CHC,STL,7,1
662640,2022-08-24,2022,KC,AZ,5,3
662799,2022-08-24,2022,HOU,MIN,5,3
662604,2022-08-24,2022,LAD,MIL,12,6
661856,2022-08-25,2022,TB,LAA,8,3
663240,2022-08-25,2022,CHC,STL,3,8
662141,2022-08-25,2022,SEA,CLE,3,1
661604,2022-08-25,2022,PHI,CIN,4,0
663459,2022-08-25,2022,BAL,CWS,4,3
662433,2022-08-25,2022,NYM,COL,3,1
663172,2022-08-25,2022,BOS,TOR,5,6
662711,2022-08-25,2022,HOU,MIN,6,3
662337,2022-08-25,2022,OAK,NYY,4,13
661355,2022-08-26,2022,MIA,LAD,6,10
662469,2022-08-26,2022,WSH,CIN,3,7
661603,2022-08-26,2022,PHI,PIT,7,4
661704,2022-08-26,2022,TOR,LAA,0,12
662432,2022-08-26,2022,NYM,COL,7,6
663171,2022-08-26,2022,BOS,TB,9,8
661786,2022-08-26,2022,TEX,DET,7,6
662710,2022-08-26,2022,HOU,BAL,0,2
662667,2022-08-26,2022,KC,SD,5,13
661669,2022-08-26,2022,MIN,SF,9,0
661445,2022-08-26,2022,CWS,AZ,2,7
661189,2022-08-26,2022,MIL,CHC,3,4
661940,2022-08-26,2022,STL,ATL,4,11
662342,2022-08-26,2022,OAK,NYY,2,3
662143,2022-08-26,2022,SEA,CLE,3,2
661703,2022-08-27,2022,TOR,LAA,0,2
663170,2022-08-27,2022,BOS,TB,5,1
661599,2022-08-27,2022,PHI,PIT,6,0
661354,2022-08-27,2022,MIA,LAD,2,1
662468,2022-08-27,2022,WSH,CIN,2,6
661785,2022-08-27,2022,TEX,DET,2,11
661090,2022-08-27,2022,HOU,BAL,1,3
662442,2022-08-27,2022,NYM,COL,3,0
662666,2022-08-27,2022,KC,SD,3,4
661444,2022-08-27,2022,CWS,AZ,5,10
661180,2022-08-27,2022,MIL,CHC,7,0
661657,2022-08-27,2022,MIN,SF,3,2
661939,2022-08-27,2022,STL,ATL,6,5
662336,2022-08-27,2022,OAK,NYY,3,2
662140,2022-08-27,2022,SEA,CLE,3,4
661353,2022-08-28,2022,MIA,LAD,1,8
662467,2022-08-28,2022,WSH,CIN,3,2
663211,2022-08-28,2022,BOS,TB,4,12
661598,2022-08-28,2022,PHI,PIT,0,5
661773,2022-08-28,2022,TOR,LAA,3,8
662446,2022-08-28,2022,NYM,COL,0,1
661089,2022-08-28,2022,HOU,BAL,3,1
662638,2022-08-28,2022,KC,SD,15,7
661663,2022-08-28,2022,MIN,SF,8,3
661443,2022-08-28,2022,CWS,AZ,2,3
661168,2022-08-28,2022,MIL,CHC,9,7
661784,2022-08-28,2022,TEX,DET,8,9
662335,2022-08-28,2022,OAK,NYY,4,1
662139,2022-08-28,2022,SEA,CLE,4,0
661950,2022-08-28,2022,STL,ATL,6,3
663018,2022-08-29,2022,CIN,STL,4,13
661352,2022-08-29,2022,MIA,LAD,2,3
661801,2022-08-29,2022,TOR,CHC,5,4
661651,2022-08-29,2022,MIN,BOS,4,2
661167,2022-08-29,2022,MIL,PIT,7,5
663424,2022-08-29,2022,LAA,NYY,4,3
663332,2022-08-29,2022,AZ,PHI,13,7
662001,2022-08-29,2022,SF,SD,5,6
662973,2022-08-30,2022,CLE,BAL,5,1
663137,2022-08-30,2022,CIN,STL,5,1
661351,2022-08-30,2022,MIA,TB,2,7
662466,2022-08-30,2022,WSH,OAK,6,10
661800,2022-08-30,2022,TOR,CHC,5,3
662426,2022-08-30,2022,NYM,LAD,3,4
662804,2022-08-30,2022,DET,SEA,3,9
661479,2022-08-30,2022,ATL,COL,2,3
661648,2022-08-30,2022,MIN,BOS,10,5
661832,2022-08-30,2022,TEX,HOU,2,4
661442,2022-08-30,2022,CWS,KC,7,9
661166,2022-08-30,2022,MIL,PIT,2,4
663437,2022-08-30,2022,LAA,NYY,4,7
663286,2022-08-30,2022,AZ,PHI,12,3
662000,2022-08-30,2022,SF,SD,3,4
661831,2022-08-31,2022,TEX,HOU,3,5
661165,2022-08-31,2022,MIL,PIT,6,1
662033,2022-08-31,2022,SF,SD,4,5
662972,2022-08-31,2022,CLE,BAL,0,4
662995,2022-08-31,2022,CIN,STL,3,5
661350,2022-08-31,2022,MIA,TB,1,2
662465,2022-08-31,2022,WSH,OAK,5,1
661779,2022-08-31,2022,TOR,CHC,5,7
662447,2022-08-31,2022,NYM,LAD,2,1
662903,2022-08-31,2022,DET,SEA,3,5
661478,2022-08-31,2022,ATL,COL,3,2
661649,2022-08-31,2022,MIN,BOS,5,6
661441,2022-08-31,2022,CWS,KC,4,2
663410,2022-08-31,2022,LAA,NYY,3,2
663312,2022-08-31,2022,AZ,PHI,2,18
662785,2022-09-01,2022,DET,SEA,0,7
661440,2022-09-01,2022,CWS,KC,7,1
662491,2022-09-01,2022,WSH,OAK,7,5
662410,2022-09-01,2022,NYM,LAD,5,3
662971,2022-09-01,2022,CLE,BAL,0,3
663210,2022-09-01,2022,BOS,TEX,9,8
661477,2022-09-01,2022,ATL,COL,3,0
663290,2022-09-01,2022,AZ,MIL,5,0
662356,2022-09-02,2022,PIT,TOR,0,4
663133,2022-09-02,2022,CIN,COL,3,2
663356,2022-09-02,2022,BAL,OAK,5,2
662915,2022-09-02,2022,DET,KC,5,4
662409,2022-09-02,2022,NYM,WSH,7,3
662961,2022-09-02,2022,CLE,SEA,1,6
663212,2022-09-02,2022,BOS,TEX,9,1
661855,2022-09-02,2022,TB,NYY,9,0
661476,2022-09-02,2022,ATL,MIA,8,1
661439,2022-09-02,2022,CWS,MIN,4,3
661920,2022-09-02,2022,STL,CHC,8,0
663428,2022-09-02,2022,LAA,HOU,2,4
663285,2022-09-02,2022,AZ,MIL,2,1
662603,2022-09-02,2022,LAD,SD,1,7
662032,2022-09-02,2022,SF,PHI,13,1
662031,2022-09-03,2022,SF,PHI,5,4
663214,2022-09-03,2022,BOS,TEX,5,3
662803,2022-09-03,2022,DET,KC,2,12
661854,2022-09-03,2022,TB,NYY,2,1
662286,2022-09-03,2022,PIT,TOR,1,4
663355,2022-09-03,2022,BAL,OAK,8,1
662425,2022-09-03,2022,NYM,WSH,1,7
662963,2022-09-03,2022,CLE,SEA,0,4
661928,2022-09-03,2022,STL,CHC,8,4
661438,2022-09-03,2022,CWS,MIN,13,0
661475,2022-09-03,2022,ATL,MIA,2,1
663321,2022-09-03,2022,AZ,MIL,6,8
663436,2022-09-03,2022,LAA,HOU,2,1
662597,2022-09-03,2022,LAD,SD,12,1
662299,2022-09-04,2022,PIT,TOR,3,4
663107,2022-09-04,2022,CIN,COL,4,8
663108,2022-09-04,2022,CIN,COL,10,0
663354,2022-09-04,2022,BAL,OAK,0,5
663213,2022-09-04,2022,BOS,TEX,5,2
661474,2022-09-04,2022,ATL,MIA,7,1
662786,2022-09-04,2022,DET,KC,2,3
662424,2022-09-04,2022,NYM,WSH,1,7
661853,2022-09-04,2022,TB,NYY,1,2
661437,2022-09-04,2022,CWS,MIN,1,5
661927,2022-09-04,2022,STL,CHC,2,0
662962,2022-09-04,2022,CLE,SEA,3,6
662030,2022-09-04,2022,SF,PHI,5,3
663435,2022-09-04,2022,LAA,HOU,1,9
663311,2022-09-04,2022,AZ,MIL,5,1
662599,2022-09-04,2022,LAD,SD,9,4
663353,2022-09-05,2022,BAL,TOR,3,7
661045,2022-09-05,2022,BAL,TOR,4,8
661236,2022-09-05,2022,NYY,MIN,5,2
661852,2022-09-05,2022,TB,BOS,4,3
662860,2022-09-05,2022,COL,MIL,4,6
661926,2022-09-05,2022,STL,WSH,0,6
662211,2022-09-05,2022,SD,AZ,0,5
662121,2022-09-05,2022,SEA,CWS,2,3
661088,2022-09-05,2022,HOU,TEX,1,0
662646,2022-09-05,2022,KC,CLE,5,6
663434,2022-09-05,2022,LAA,DET,10,0
662602,2022-09-05,2022,LAD,SF,4,7
662282,2022-09-06,2022,PIT,NYM,8,2
662043,2022-09-06,2022,TB,BOS,8,4
661597,2022-09-06,2022,PHI,MIA,3,2
663458,2022-09-06,2022,BAL,TOR,9,6
663242,2022-09-06,2022,CHC,CIN,9,3
661925,2022-09-06,2022,STL,WSH,4,1
662644,2022-09-06,2022,KC,CLE,1,4
661087,2022-09-06,2022,HOU,TEX,3,4
662859,2022-09-06,2022,COL,MIL,10,7
663407,2022-09-06,2022,LAA,DET,5,4
662205,2022-09-06,2022,SD,AZ,6,5
662313,2022-09-06,2022,OAK,ATL,9,10
662138,2022-09-06,2022,SEA,CWS,3,0
662601,2022-09-06,2022,LAD,SF,6,3
662283,2022-09-07,2022,PIT,NYM,1,5
662285,2022-09-07,2022,PIT,NYM,0,10
661251,2022-09-07,2022,NYY,MIN,5,4
661235,2022-09-07,2022,NYY,MIN,7,1
662871,2022-09-07,2022,COL,MIL,8,4
662312,2022-09-07,2022,OAK,ATL,3,7
663409,2022-09-07,2022,LAA,DET,4,5
662582,2022-09-07,2022,LAD,SF,7,3
662137,2022-09-07,2022,SEA,CWS,6,9
662065,2022-09-07,2022,TB,BOS,1,0
661596,2022-09-07,2022,PHI,MIA,4,3
663457,2022-09-07,2022,BAL,TOR,1,4
663168,2022-09-07,2022,CHC,CIN,1,7
661924,2022-09-07,2022,STL,WSH,6,5
662643,2022-09-07,2022,KC,CLE,2,1
661086,2022-09-07,2022,HOU,TEX,4,3
662216,2022-09-07,2022,SD,AZ,6,3
661923,2022-09-08,2022,STL,WSH,6,11
663241,2022-09-08,2022,CHC,CIN,3,4
661219,2022-09-08,2022,MIL,SF,2,1
661233,2022-09-08,2022,MIL,SF,4,2
661595,2022-09-08,2022,PHI,MIA,5,6
661252,2022-09-08,2022,NYY,MIN,3,4
662334,2022-09-08,2022,OAK,CWS,2,14
663217,2022-09-09,2022,CHC,SF,4,2
662284,2022-09-09,2022,PIT,STL,8,2
661337,2022-09-09,2022,MIA,NYM,6,3
663456,2022-09-09,2022,BAL,BOS,3,2
661594,2022-09-09,2022,PHI,WSH,5,3
661234,2022-09-09,2022,NYY,TB,2,4
661830,2022-09-09,2022,TEX,TOR,3,4
661085,2022-09-09,2022,HOU,LAA,4,3
662637,2022-09-09,2022,KC,DET,2,10
661650,2022-09-09,2022,MIN,CLE,6,7
661185,2022-09-09,2022,MIL,CIN,2,8
662870,2022-09-09,2022,COL,AZ,13,10
661850,2022-09-09,2022,SD,LAD,5,4
662136,2022-09-09,2022,SEA,ATL,4,6
662333,2022-09-09,2022,OAK,CWS,3,5
661282,2022-09-10,2022,NYY,TB,10,3
663127,2022-09-10,2022,CHC,SF,2,5
662322,2022-09-10,2022,OAK,CWS,2,10
662636,2022-09-10,2022,KC,DET,4,8
663455,2022-09-10,2022,BAL,BOS,4,17
661593,2022-09-10,2022,PHI,WSH,8,5
661323,2022-09-10,2022,MIA,NYM,3,11
661841,2022-09-10,2022,TEX,TOR,7,11
661084,2022-09-10,2022,HOU,LAA,1,6
661665,2022-09-10,2022,MIN,CLE,4,6
661175,2022-09-10,2022,MIL,CIN,5,1
662265,2022-09-10,2022,PIT,STL,5,7
662869,2022-09-10,2022,COL,AZ,4,1
661849,2022-09-10,2022,SD,LAD,4,8
662088,2022-09-10,2022,SEA,ATL,3,1
663264,2022-09-11,2022,BAL,BOS,0,1
661592,2022-09-11,2022,PHI,WSH,7,5
662325,2022-09-11,2022,PIT,STL,3,4
661232,2022-09-11,2022,NYY,TB,10,4
661322,2022-09-11,2022,MIA,NYM,3,9
661083,2022-09-11,2022,HOU,LAA,12,4
662635,2022-09-11,2022,KC,DET,4,0
661647,2022-09-11,2022,MIN,CLE,1,4
661176,2022-09-11,2022,MIL,CIN,7,6
661839,2022-09-11,2022,TEX,TOR,4,1
662868,2022-09-11,2022,COL,AZ,6,12
662323,2022-09-11,2022,OAK,CWS,10,3
661848,2022-09-11,2022,SD,LAD,2,11
662120,2022-09-11,2022,SEA,ATL,8,7
663130,2022-09-11,2022,CHC,SF,2,4
661420,2022-09-12,2022,MIA,TEX,2,3
661419,2022-09-12,2022,MIA,TEX,10,6
662970,2022-09-12,2022,CLE,LAA,5,4
662782,2022-09-12,2022,DET,HOU,0,7
663085,2022-09-12,2022,CIN,PIT,3,6
661799,2022-09-12,2022,TOR,TB,3,2
662423,2022-09-12,2022,NYM,CHC,2,5
663324,2022-09-12,2022,AZ,LAD,0,6
662029,2022-09-12,2022,SF,ATL,3,2
663158,2022-09-13,2022,CIN,PIT,1,6
663106,2022-09-13,2022,CIN,PIT,0,1
661840,2022-09-13,2022,TOR,TB,2,4
661798,2022-09-13,2022,TOR,TB,7,2
662965,2022-09-13,2022,CLE,LAA,3,1
662787,2022-09-13,2022,DET,HOU,3,6
661320,2022-09-13,2022,MIA,PHI,1,2
662464,2022-09-13,2022,WSH,BAL,3,4
662430,2022-09-13,2022,NYM,CHC,1,4
663160,2022-09-13,2022,BOS,NYY,6,7
661645,2022-09-13,2022,MIN,KC,6,3
661922,2022-09-13,2022,STL,MIL,4,8
661838,2022-09-13,2022,TEX,OAK,8,7
661436,2022-09-13,2022,CWS,COL,4,2
663323,2022-09-13,2022,AZ,LAD,0,4
662119,2022-09-13,2022,SEA,SD,0,2
662028,2022-09-13,2022,SF,ATL,1,5
663006,2022-09-14,2022,CIN,PIT,4,10
662969,2022-09-14,2022,CLE,LAA,5,3
662792,2022-09-14,2022,DET,HOU,1,2
661435,2022-09-14,2022,CWS,COL,0,3
662027,2022-09-14,2022,SF,ATL,4,1
662118,2022-09-14,2022,SEA,SD,6,1
661336,2022-09-14,2022,MIA,PHI,1,6
662463,2022-09-14,2022,WSH,BAL,2,6
661770,2022-09-14,2022,TOR,TB,5,1
662422,2022-09-14,2022,NYM,CHC,3,6
663159,2022-09-14,2022,BOS,NYY,3,5
661646,2022-09-14,2022,MIN,KC,4,0
661921,2022-09-14,2022,STL,MIL,4,1
661829,2022-09-14,2022,TEX,OAK,7,8
663322,2022-09-14,2022,AZ,LAD,5,3
662974,2022-09-15,2022,CLE,CWS,2,8
661822,2022-09-15,2022,TOR,TB,0,11
661321,2022-09-15,2022,MIA,PHI,5,3
662709,2022-09-15,2022,HOU,OAK,5,2
662398,2022-09-15,2022,NYM,PIT,7,1
661644,2022-09-15,2022,MIN,KC,3,2
661919,2022-09-15,2022,STL,CIN,2,3
663284,2022-09-15,2022,AZ,SD,4,0
663126,2022-09-16,2022,CHC,COL,2,1
662490,2022-09-16,2022,WSH,MIA,5,4
661776,2022-09-16,2022,TOR,BAL,6,3
663209,2022-09-16,2022,BOS,KC,2,1
662404,2022-09-16,2022,NYM,PIT,4,3
662064,2022-09-16,2022,TB,TEX,3,4
662959,2022-09-16,2022,CLE,MIN,4,3
662781,2022-09-16,2022,DET,CWS,3,2
661473,2022-09-16,2022,ATL,PHI,7,2
662740,2022-09-16,2022,HOU,OAK,5,0
661164,2022-09-16,2022,MIL,NYY,7,6
661953,2022-09-16,2022,STL,CIN,6,5
663427,2022-09-16,2022,LAA,SEA,8,7
663283,2022-09-16,2022,AZ,SD,3,12
662026,2022-09-16,2022,SF,LAD,0,5
663141,2022-09-17,2022,CLE,MIN,5,1
662958,2022-09-17,2022,CLE,MIN,7,6
661965,2022-09-17,2022,STL,CIN,5,1
661952,2022-09-17,2022,STL,CIN,1,0
663129,2022-09-17,2022,CHC,COL,1,3
661769,2022-09-17,2022,TOR,BAL,6,3
662462,2022-09-17,2022,WSH,MIA,5,3
663208,2022-09-17,2022,BOS,KC,0,9
662015,2022-09-17,2022,TB,TEX,5,1
662784,2022-09-17,2022,DET,CWS,3,4
662823,2022-09-17,2022,HOU,OAK,5,8
662403,2022-09-17,2022,NYM,PIT,5,1
661163,2022-09-17,2022,MIL,NYY,4,1
661472,2022-09-17,2022,ATL,PHI,4,3
663289,2022-09-17,2022,AZ,SD,0,2
662024,2022-09-17,2022,SF,LAD,2,7
663426,2022-09-17,2022,LAA,SEA,2,1
662783,2022-09-18,2022,DET,CWS,5,11
661994,2022-09-18,2022,TB,TEX,5,3
663207,2022-09-18,2022,BOS,KC,13,3
661471,2022-09-18,2022,ATL,PHI,5,2
662461,2022-09-18,2022,WSH,MIA,1,3
661780,2022-09-18,2022,TOR,BAL,4,5
662402,2022-09-18,2022,NYM,PIT,7,3
662968,2022-09-18,2022,CLE,MIN,0,3
662822,2022-09-18,2022,HOU,OAK,11,2
661162,2022-09-18,2022,MIL,NYY,8,12
661930,2022-09-18,2022,STL,CIN,0,3
663112,2022-09-18,2022,CHC,COL,3,4
663425,2022-09-18,2022,LAA,SEA,5,1
663287,2022-09-18,2022,AZ,SD,1,6
662025,2022-09-18,2022,SF,LAD,3,4
663044,2022-09-19,2022,CLE,MIN,11,4
663423,2022-09-19,2022,LAA,SEA,1,9
662013,2022-09-19,2022,TB,HOU,0,4
661299,2022-09-19,2022,MIA,CHC,10,3
663263,2022-09-19,2022,BAL,DET,0,11
661470,2022-09-19,2022,ATL,WSH,5,2
661161,2022-09-19,2022,MIL,NYM,2,7
662886,2022-09-19,2022,COL,SF,7,10
662622,2022-09-19,2022,LAD,AZ,5,2
662621,2022-09-20,2022,LAD,AZ,6,5
662607,2022-09-20,2022,LAD,AZ,2,5
663104,2022-09-20,2022,CIN,BOS,3,5
662012,2022-09-20,2022,TB,HOU,0,5
661298,2022-09-20,2022,MIA,CHC,1,2
661591,2022-09-20,2022,PHI,TOR,11,18
663262,2022-09-20,2022,BAL,DET,2,3
661229,2022-09-20,2022,NYY,PIT,9,8
661469,2022-09-20,2022,ATL,WSH,3,2
661159,2022-09-20,2022,MIL,NYM,5,7
661837,2022-09-20,2022,TEX,LAA,2,5
662634,2022-09-20,2022,KC,MIN,5,4
661434,2022-09-20,2022,CWS,CLE,7,10
662867,2022-09-20,2022,COL,SF,3,6
662321,2022-09-20,2022,OAK,SEA,4,1
662204,2022-09-20,2022,SD,STL,5,0
661468,2022-09-21,2022,ATL,WSH,2,3
661158,2022-09-21,2022,MIL,NYM,6,0
661070,2022-09-21,2022,CIN,BOS,5,1
662011,2022-09-21,2022,TB,HOU,2,5
661297,2022-09-21,2022,MIA,CHC,3,4
661588,2022-09-21,2022,PHI,TOR,4,3
663261,2022-09-21,2022,BAL,DET,8,1
661228,2022-09-21,2022,NYY,PIT,14,2
661783,2022-09-21,2022,TEX,LAA,7,2
662633,2022-09-21,2022,KC,MIN,5,2
661433,2022-09-21,2022,CWS,CLE,2,8
662899,2022-09-21,2022,COL,SF,1,6
662320,2022-09-21,2022,OAK,SEA,2,1
662203,2022-09-21,2022,SD,STL,1,0
662606,2022-09-21,2022,LAD,AZ,1,6
661806,2022-09-22,2022,TEX,LAA,5,3
662632,2022-09-22,2022,KC,MIN,4,1
662898,2022-09-22,2022,COL,SF,0,3
662306,2022-09-22,2022,OAK,SEA,5,9
662202,2022-09-22,2022,SD,STL,4,5
662264,2022-09-22,2022,PIT,CHC,2,3
662041,2022-09-22,2022,TB,TOR,10,5
661069,2022-09-22,2022,CIN,MIL,1,5
663260,2022-09-22,2022,BAL,HOU,2,0
661609,2022-09-22,2022,PHI,ATL,1,0
661243,2022-09-22,2022,NYY,BOS,5,4
661432,2022-09-22,2022,CWS,CLE,2,4
662586,2022-09-22,2022,LAD,AZ,3,2
662263,2022-09-23,2022,PIT,CHC,5,6
661296,2022-09-23,2022,MIA,WSH,5,2
661068,2022-09-23,2022,CIN,MIL,3,5
663259,2022-09-23,2022,BAL,HOU,6,0
661587,2022-09-23,2022,PHI,ATL,9,1
661222,2022-09-23,2022,NYY,BOS,5,4
662040,2022-09-23,2022,TB,TOR,10,6
661807,2022-09-23,2022,TEX,CLE,3,6
662897,2022-09-23,2022,COL,SD,4,3
662642,2022-09-23,2022,KC,SEA,5,1
661668,2022-09-23,2022,MIN,LAA,2,4
661431,2022-09-23,2022,CWS,DET,3,5
662305,2022-09-23,2022,OAK,NYM,2,9
663282,2022-09-23,2022,AZ,SF,5,6
662585,2022-09-23,2022,LAD,STL,0,11
661221,2022-09-24,2022,NYY,BOS,7,5
661586,2022-09-24,2022,PHI,ATL,3,6
662311,2022-09-24,2022,OAK,NYM,10,4
662039,2022-09-24,2022,TB,TOR,1,3
661295,2022-09-24,2022,MIA,WSH,4,1
662249,2022-09-24,2022,PIT,CHC,6,0
661067,2022-09-24,2022,CIN,MIL,2,10
663258,2022-09-24,2022,BAL,HOU,10,11
661805,2022-09-24,2022,TEX,CLE,2,4
662641,2022-09-24,2022,KC,SEA,5,6
661656,2022-09-24,2022,MIN,LAA,8,4
661430,2022-09-24,2022,CWS,DET,2,7
662866,2022-09-24,2022,COL,SD,3,9
663281,2022-09-24,2022,AZ,SF,5,2
662584,2022-09-24,2022,LAD,STL,6,2
663454,2022-09-25,2022,BAL,HOU,3,6
661585,2022-09-25,2022,PHI,ATL,7,8
662063,2022-09-25,2022,TB,TOR,1,7
662243,2022-09-25,2022,PIT,CHC,3,8
661294,2022-09-25,2022,MIA,WSH,1,6
661066,2022-09-25,2022,CIN,MIL,2,1
662631,2022-09-25,2022,KC,SEA,13,12
661667,2022-09-25,2022,MIN,LAA,3,10
661429,2022-09-25,2022,CWS,DET,1,4
661828,2022-09-25,2022,TEX,CLE,4,10
662865,2022-09-25,2022,COL,SD,6,13
663280,2022-09-25,2022,AZ,SF,2,3
662310,2022-09-25,2022,OAK,NYM,4,13
662598,2022-09-25,2022,LAD,STL,4,1
661220,2022-09-25,2022,NYY,BOS,2,0
662242,2022-09-26,2022,PIT,CIN,8,3
662460,2022-09-26,2022,WSH,ATL,0,8
661768,2022-09-26,2022,TOR,NYY,3,2
663250,2022-09-26,2022,BOS,BAL,8,14
662955,2022-09-27,2022,CLE,TB,5,6
662241,2022-09-27,2022,PIT,CIN,4,1
662774,2022-09-27,2022,DET,KC,4,3
662489,2022-09-27,2022,WSH,ATL,2,8
661778,2022-09-27,2022,TOR,NYY,2,5
663206,2022-09-27,2022,BOS,BAL,13,9
662401,2022-09-27,2022,NYM,MIA,4,6
663128,2022-09-27,2022,CHC,PHI,2,1
661666,2022-09-27,2022,MIN,CWS,4,0
661155,2022-09-27,2022,MIL,STL,2,6
662821,2022-09-27,2022,HOU,AZ,10,2
663422,2022-09-27,2022,LAA,OAK,4,3
662210,2022-09-27,2022,SD,LAD,4,3
662117,2022-09-27,2022,SEA,TEX,0,5
662046,2022-09-27,2022,SF,COL,5,2
662240,2022-09-28,2022,PIT,CIN,4,3
662967,2022-09-28,2022,CLE,TB,2,1
662773,2022-09-28,2022,DET,KC,2,1
661099,2022-09-28,2022,WSH,ATL,3,2
661737,2022-09-28,2022,TOR,NYY,3,8
663181,2022-09-28,2022,BOS,BAL,3,1
662400,2022-09-28,2022,NYM,MIA,5,4
663098,2022-09-28,2022,CHC,PHI,4,2
661133,2022-09-28,2022,MIN,CWS,8,4
661154,2022-09-28,2022,MIL,STL,5,1
662820,2022-09-28,2022,HOU,AZ,2,5
663421,2022-09-28,2022,LAA,OAK,4,1
662214,2022-09-28,2022,SD,LAD,0,1
661112,2022-09-28,2022,SEA,TEX,3,1
662045,2022-09-28,2022,SF,COL,6,3
662772,2022-09-29,2022,DET,KC,10,3
661132,2022-09-29,2022,MIN,CWS,3,4
663180,2022-09-29,2022,BOS,BAL,5,3
663110,2022-09-29,2022,CHC,PHI,2,0
662932,2022-09-29,2022,CLE,TB,2,1
661156,2022-09-29,2022,MIL,MIA,2,4
663420,2022-09-29,2022,LAA,OAK,4,2
662209,2022-09-29,2022,SD,LAD,2,5
661128,2022-09-29,2022,SEA,TEX,10,9
662050,2022-09-29,2022,SF,COL,6,4
661097,2022-09-30,2022,WSH,PHI,1,5
663099,2022-09-30,2022,CHC,CIN,6,1
661218,2022-09-30,2022,NYY,BAL,1,2
661751,2022-09-30,2022,TOR,BOS,9,0
662940,2022-09-30,2022,CLE,KC,6,3
662771,2022-09-30,2022,DET,MIN,0,7
661467,2022-09-30,2022,ATL,NYM,5,2
662819,2022-09-30,2022,HOU,TB,3,7
661157,2022-09-30,2022,MIL,MIA,1,0
661958,2022-09-30,2022,STL,PIT,2,1
663406,2022-09-30,2022,LAA,TEX,4,1
661111,2022-09-30,2022,SEA,OAK,2,1
662208,2022-09-30,2022,SD,CWS,1,3
662596,2022-09-30,2022,LAD,COL,10,1
662049,2022-09-30,2022,SF,AZ,10,4
662572,2022-10-01,2022,WSH,PHI,13,4
661098,2022-10-01,2022,WSH,PHI,2,8
661217,2022-10-01,2022,NYY,BAL,8,0
663167,2022-10-01,2022,CHC,CIN,2,1
661736,2022-10-01,2022,TOR,BOS,10,0
662023,2022-10-01,2022,SF,AZ,4,8
661110,2022-10-01,2022,SEA,OAK,5,1
662939,2022-10-01,2022,CLE,KC,1,7
662770,2022-10-01,2022,DET,MIN,3,2
661152,2022-10-01,2022,MIL,MIA,3,4
661956,2022-10-01,2022,STL,PIT,13,3
662818,2022-10-01,2022,HOU,TB,2,1
661466,2022-10-01,2022,ATL,NYM,4,2
662207,2022-10-01,2022,SD,CWS,5,2
663405,2022-10-01,2022,LAA,TEX,3,2
662595,2022-10-01,2022,LAD,COL,6,4
662769,2022-10-02,2022,DET,MIN,5,2
661096,2022-10-02,2022,WSH,PHI,1,8
661215,2022-10-02,2022,NYY,BAL,1,3
661735,2022-10-02,2022,TOR,BOS,6,3
662938,2022-10-02,2022,CLE,KC,7,5
662825,2022-10-02,2022,HOU,TB,3,1
661153,2022-10-02,2022,MIL,MIA,3,4
661954,2022-10-02,2022,STL,PIT,5,7
663097,2022-10-02,2022,CHC,CIN,8,1
662022,2022-10-02,2022,SF,AZ,4,3
663419,2022-10-02,2022,LAA,TEX,8,3
662581,2022-10-02,2022,LAD,COL,1,4
662087,2022-10-02,2022,SEA,OAK,3,10
662190,2022-10-02,2022,SD,CWS,1,2
661465,2022-10-02,2022,ATL,NYM,5,3
663105,2022-10-03,2022,CLE,KC,2,5
662309,2022-10-03,2022,PIT,STL,3,2
663096,2022-10-03,2022,CIN,CHC,3,1
661424,2022-10-03,2022,MIA,ATL,4,0
663273,2022-10-03,2022,BAL,TOR,1,5
662044,2022-10-03,2022,TEX,NYY,1,3
663453,2022-10-03,2022,BOS,TB,4,3
661213,2022-10-03,2022,MIL,AZ,6,5
662777,2022-10-03,2022,HOU,PHI,0,3
661464,2022-10-03,2022,CWS,MIN,3,2
662431,2022-10-03,2022,OAK,LAA,5,4
662201,2022-10-03,2022,SEA,DET,3,4
662239,2022-10-03,2022,SD,SF,7,4
662629,2022-10-03,2022,LAD,COL,1,2
662062,2022-10-04,2022,TEX,NYY,4,5
662010,2022-10-04,2022,TEX,NYY,3,2
661094,2022-10-04,2022,NYM,WSH,4,2
661095,2022-10-04,2022,NYM,WSH,8,0
663077,2022-10-04,2022,CLE,KC,5,3
662200,2022-10-04,2022,SEA,DET,7,6
662199,2022-10-04,2022,SEA,DET,9,6
662319,2022-10-04,2022,PIT,STL,7,8
663243,2022-10-04,2022,CIN,CHC,3,2
661423,2022-10-04,2022,MIA,ATL,1,2
663452,2022-10-04,2022,BOS,TB,6,0
661223,2022-10-04,2022,MIL,AZ,3,0
662768,2022-10-04,2022,HOU,PHI,10,0
661463,2022-10-04,2022,CWS,MIN,8,3
662429,2022-10-04,2022,OAK,LAA,2,1
662252,2022-10-04,2022,SD,SF,6,2
662624,2022-10-04,2022,LAD,COL,2,5
663451,2022-10-05,2022,BAL,TOR,5,4
663272,2022-10-05,2022,BAL,TOR,1,5
662421,2022-10-05,2022,OAK,LAA,3,2
662304,2022-10-05,2022,PIT,STL,5,3
661996,2022-10-05,2022,TEX,NYY,4,2
663131,2022-10-05,2022,CIN,CHC,2,15
663095,2022-10-05,2022,CLE,KC,9,2
662488,2022-10-05,2022,NYM,WSH,9,2
662195,2022-10-05,2022,SEA,DET,5,4
662238,2022-10-05,2022,SD,SF,1,8
663352,2022-10-05,2022,BOS,TB,6,3
662789,2022-10-05,2022,HOU,PHI,3,2
661427,2022-10-05,2022,CWS,MIN,1,10
661422,2022-10-05,2022,MIA,ATL,12,9
661227,2022-10-05,2022,MIL,AZ,2,4
662623,2022-10-05,2022,LAD,COL,6,1
