game_id,commence_time,home_team,away_team,bookmaker,market,outcome_name,outcome_price,outcome_point
5469c15e3925b64e5437f4ebe23e9b60,2026-05-11T22:11:00Z,Cleveland Guardians,Los Angeles Angels,fanduel,spreads,Cleveland Guardians,128,-1.5
5469c15e3925b64e5437f4ebe23e9b60,2026-05-11T22:11:00Z,Cleveland Guardians,Los Angeles Angels,fanduel,spreads,Los Angeles Angels,-154,1.5
5469c15e3925b64e5437f4ebe23e9b60,2026-05-11T22:11:00Z,Cleveland Guardians,Los Angeles Angels,fanduel,totals,Over,-105,7.5
5469c15e3925b64e5437f4ebe23e9b60,2026-05-11T22:11:00Z,Cleveland Guardians,Los Angeles Angels,fanduel,totals,Under,-115,7.5
a96772c4a288f0b16b88697b8dfdd837,2026-05-11T22:36:00Z,Baltimore Orioles,New York Yankees,fanduel,spreads,Baltimore Orioles,-125,1.5
a96772c4a288f0b16b88697b8dfdd837,2026-05-11T22:36:00Z,Baltimore Orioles,New York Yankees,fanduel,spreads,New York Yankees,104,-1.5
a96772c4a288f0b16b88697b8dfdd837,2026-05-11T22:36:00Z,Baltimore Orioles,New York Yankees,fanduel,totals,Over,-102,9.0
a96772c4a288f0b16b88697b8dfdd837,2026-05-11T22:36:00Z,Baltimore Orioles,New York Yankees,fanduel,totals,Under,-120,9.0
8ca76871aa74f5f88b3dba57c6e6e48c,2026-05-11T23:08:00Z,Toronto Blue Jays,Tampa Bay Rays,fanduel,spreads,Tampa Bay Rays,-215,1.5
8ca76871aa74f5f88b3dba57c6e6e48c,2026-05-11T23:08:00Z,Toronto Blue Jays,Tampa Bay Rays,fanduel,spreads,Toronto Blue Jays,176,-1.5
8ca76871aa74f5f88b3dba57c6e6e48c,2026-05-11T23:08:00Z,Toronto Blue Jays,Tampa Bay Rays,fanduel,totals,Over,-115,7.0
8ca76871aa74f5f88b3dba57c6e6e48c,2026-05-11T23:08:00Z,Toronto Blue Jays,Tampa Bay Rays,fanduel,totals,Under,-105,7.0
aead05342952ab70ff6c1a772b4295d4,2026-05-12T00:06:00Z,Texas Rangers,Arizona Diamondbacks,fanduel,spreads,Arizona Diamondbacks,-210,1.5
aead05342952ab70ff6c1a772b4295d4,2026-05-12T00:06:00Z,Texas Rangers,Arizona Diamondbacks,fanduel,spreads,Texas Rangers,172,-1.5
aead05342952ab70ff6c1a772b4295d4,2026-05-12T00:06:00Z,Texas Rangers,Arizona Diamondbacks,fanduel,totals,Over,-110,7.5
aead05342952ab70ff6c1a772b4295d4,2026-05-12T00:06:00Z,Texas Rangers,Arizona Diamondbacks,fanduel,totals,Under,-110,7.5
80622319ceec1faf47baaee869656e13,2026-05-12T00:11:00Z,Houston Astros,Seattle Mariners,fanduel,spreads,Houston Astros,-137,1.5
80622319ceec1faf47baaee869656e13,2026-05-12T00:11:00Z,Houston Astros,Seattle Mariners,fanduel,spreads,Seattle Mariners,114,-1.5
80622319ceec1faf47baaee869656e13,2026-05-12T00:11:00Z,Houston Astros,Seattle Mariners,fanduel,totals,Over,-120,8.5
80622319ceec1faf47baaee869656e13,2026-05-12T00:11:00Z,Houston Astros,Seattle Mariners,fanduel,totals,Under,-102,8.5
875a5a258588aff680ae69335167dec2,2026-05-12T02:11:00Z,Los Angeles Dodgers,San Francisco Giants,fanduel,spreads,Los Angeles Dodgers,112,-1.5
875a5a258588aff680ae69335167dec2,2026-05-12T02:11:00Z,Los Angeles Dodgers,San Francisco Giants,fanduel,spreads,San Francisco Giants,-134,1.5
875a5a258588aff680ae69335167dec2,2026-05-12T02:11:00Z,Los Angeles Dodgers,San Francisco Giants,fanduel,totals,Over,-110,9.0
875a5a258588aff680ae69335167dec2,2026-05-12T02:11:00Z,Los Angeles Dodgers,San Francisco Giants,fanduel,totals,Under,-110,9.0
9936f843966ef49b29f8f61cd41491f1,2026-05-12T22:11:00Z,Cleveland Guardians,Los Angeles Angels,fanduel,spreads,Cleveland Guardians,164,-1.5
9936f843966ef49b29f8f61cd41491f1,2026-05-12T22:11:00Z,Cleveland Guardians,Los Angeles Angels,fanduel,spreads,Los Angeles Angels,-200,1.5
9936f843966ef49b29f8f61cd41491f1,2026-05-12T22:11:00Z,Cleveland Guardians,Los Angeles Angels,fanduel,totals,Over,-105,8.5
9936f843966ef49b29f8f61cd41491f1,2026-05-12T22:11:00Z,Cleveland Guardians,Los Angeles Angels,fanduel,totals,Under,-115,8.5
6c8098ab353355d002d66e825b4217ab,2026-05-12T22:41:00Z,Cincinnati Reds,Washington Nationals,fanduel,spreads,Cincinnati Reds,142,-1.5
6c8098ab353355d002d66e825b4217ab,2026-05-12T22:41:00Z,Cincinnati Reds,Washington Nationals,fanduel,spreads,Washington Nationals,-172,1.5
6c8098ab353355d002d66e825b4217ab,2026-05-12T22:41:00Z,Cincinnati Reds,Washington Nationals,fanduel,totals,Over,-122,9.5
6c8098ab353355d002d66e825b4217ab,2026-05-12T22:41:00Z,Cincinnati Reds,Washington Nationals,fanduel,totals,Under,100,9.5
79fa6c856d2a95ff10cb955ab2d424e2,2026-05-12T22:41:00Z,Pittsburgh Pirates,Colorado Rockies,fanduel,spreads,Colorado Rockies,108,1.5
79fa6c856d2a95ff10cb955ab2d424e2,2026-05-12T22:41:00Z,Pittsburgh Pirates,Colorado Rockies,fanduel,spreads,Pittsburgh Pirates,-130,-1.5
79fa6c856d2a95ff10cb955ab2d424e2,2026-05-12T22:41:00Z,Pittsburgh Pirates,Colorado Rockies,fanduel,totals,Over,100,8.0
79fa6c856d2a95ff10cb955ab2d424e2,2026-05-12T22:41:00Z,Pittsburgh Pirates,Colorado Rockies,fanduel,totals,Under,-122,8.0
07b1faa56850a94bfd3921725fe520a2,2026-05-12T22:46:00Z,Boston Red Sox,Philadelphia Phillies,fanduel,spreads,Boston Red Sox,-137,1.5
07b1faa56850a94bfd3921725fe520a2,2026-05-12T22:46:00Z,Boston Red Sox,Philadelphia Phillies,fanduel,spreads,Philadelphia Phillies,114,-1.5
07b1faa56850a94bfd3921725fe520a2,2026-05-12T22:46:00Z,Boston Red Sox,Philadelphia Phillies,fanduel,totals,Over,-122,8.0
07b1faa56850a94bfd3921725fe520a2,2026-05-12T22:46:00Z,Boston Red Sox,Philadelphia Phillies,fanduel,totals,Under,100,8.0
b2c44ca94237edf5b7270d7dde706835,2026-05-12T23:08:00Z,Toronto Blue Jays,Tampa Bay Rays,fanduel,spreads,Tampa Bay Rays,158,-1.5
b2c44ca94237edf5b7270d7dde706835,2026-05-12T23:08:00Z,Toronto Blue Jays,Tampa Bay Rays,fanduel,spreads,Toronto Blue Jays,-192,1.5
b2c44ca94237edf5b7270d7dde706835,2026-05-12T23:08:00Z,Toronto Blue Jays,Tampa Bay Rays,fanduel,totals,Over,-110,8.0
b2c44ca94237edf5b7270d7dde706835,2026-05-12T23:08:00Z,Toronto Blue Jays,Tampa Bay Rays,fanduel,totals,Under,-110,8.0
fe40950314ca87c69985e8a1a37c8822,2026-05-12T23:11:00Z,New York Mets,Detroit Tigers,fanduel,spreads,Detroit Tigers,-166,1.5
fe40950314ca87c69985e8a1a37c8822,2026-05-12T23:11:00Z,New York Mets,Detroit Tigers,fanduel,spreads,New York Mets,138,-1.5
fe40950314ca87c69985e8a1a37c8822,2026-05-12T23:11:00Z,New York Mets,Detroit Tigers,fanduel,totals,Over,100,8.0
fe40950314ca87c69985e8a1a37c8822,2026-05-12T23:11:00Z,New York Mets,Detroit Tigers,fanduel,totals,Under,-122,8.0
744c4597586797d5f7e9be094f031f11,2026-05-12T23:16:00Z,Atlanta Braves,Chicago Cubs,fanduel,spreads,Atlanta Braves,-188,1.5
744c4597586797d5f7e9be094f031f11,2026-05-12T23:16:00Z,Atlanta Braves,Chicago Cubs,fanduel,spreads,Chicago Cubs,155,-1.5
744c4597586797d5f7e9be094f031f11,2026-05-12T23:16:00Z,Atlanta Braves,Chicago Cubs,fanduel,totals,Over,-110,9.0
744c4597586797d5f7e9be094f031f11,2026-05-12T23:16:00Z,Atlanta Braves,Chicago Cubs,fanduel,totals,Under,-110,9.0
c125a2382938301b1e4462c3600de32b,2026-05-12T23:41:00Z,Chicago White Sox,Kansas City Royals,fanduel,spreads,Chicago White Sox,-164,1.5
c125a2382938301b1e4462c3600de32b,2026-05-12T23:41:00Z,Chicago White Sox,Kansas City Royals,fanduel,spreads,Kansas City Royals,136,-1.5
c125a2382938301b1e4462c3600de32b,2026-05-12T23:41:00Z,Chicago White Sox,Kansas City Royals,fanduel,totals,Over,-105,9.0
c125a2382938301b1e4462c3600de32b,2026-05-12T23:41:00Z,Chicago White Sox,Kansas City Royals,fanduel,totals,Under,-115,9.0
ad3552c4909328a0be4de1ec98e97bcf,2026-05-12T23:41:00Z,Minnesota Twins,Miami Marlins,fanduel,spreads,Miami Marlins,152,-1.5
ad3552c4909328a0be4de1ec98e97bcf,2026-05-12T23:41:00Z,Minnesota Twins,Miami Marlins,fanduel,spreads,Minnesota Twins,-184,1.5
ad3552c4909328a0be4de1ec98e97bcf,2026-05-12T23:41:00Z,Minnesota Twins,Miami Marlins,fanduel,totals,Over,-105,9.0
ad3552c4909328a0be4de1ec98e97bcf,2026-05-12T23:41:00Z,Minnesota Twins,Miami Marlins,fanduel,totals,Under,-115,9.0
a0a43f882e4a4ab92fa1024e42f33be0,2026-05-12T23:41:00Z,Milwaukee Brewers,San Diego Padres,fanduel,spreads,Milwaukee Brewers,158,-1.5
a0a43f882e4a4ab92fa1024e42f33be0,2026-05-12T23:41:00Z,Milwaukee Brewers,San Diego Padres,fanduel,spreads,San Diego Padres,-194,1.5
a0a43f882e4a4ab92fa1024e42f33be0,2026-05-12T23:41:00Z,Milwaukee Brewers,San Diego Padres,fanduel,totals,Over,-110,8.5
a0a43f882e4a4ab92fa1024e42f33be0,2026-05-12T23:41:00Z,Milwaukee Brewers,San Diego Padres,fanduel,totals,Under,-110,8.5
34393ecc2b2d109779095b1d4935225b,2026-05-13T00:06:00Z,Texas Rangers,Arizona Diamondbacks,fanduel,spreads,Arizona Diamondbacks,-192,1.5
34393ecc2b2d109779095b1d4935225b,2026-05-13T00:06:00Z,Texas Rangers,Arizona Diamondbacks,fanduel,spreads,Texas Rangers,158,-1.5
34393ecc2b2d109779095b1d4935225b,2026-05-13T00:06:00Z,Texas Rangers,Arizona Diamondbacks,fanduel,totals,Over,100,8.5
34393ecc2b2d109779095b1d4935225b,2026-05-13T00:06:00Z,Texas Rangers,Arizona Diamondbacks,fanduel,totals,Under,-122,8.5
a1fa0d550bd68cf44d71f0657fa93d6a,2026-05-13T00:11:00Z,Houston Astros,Seattle Mariners,fanduel,spreads,Houston Astros,-137,1.5
a1fa0d550bd68cf44d71f0657fa93d6a,2026-05-13T00:11:00Z,Houston Astros,Seattle Mariners,fanduel,spreads,Seattle Mariners,114,-1.5
a1fa0d550bd68cf44d71f0657fa93d6a,2026-05-13T00:11:00Z,Houston Astros,Seattle Mariners,fanduel,totals,Over,-115,8.5
a1fa0d550bd68cf44d71f0657fa93d6a,2026-05-13T00:11:00Z,Houston Astros,Seattle Mariners,fanduel,totals,Under,-105,8.5
265d87925f501ac50a2a12c6b5a91354,2026-05-13T01:41:00Z,Athletics,St. Louis Cardinals,fanduel,spreads,Athletics,128,-1.5
265d87925f501ac50a2a12c6b5a91354,2026-05-13T01:41:00Z,Athletics,St. Louis Cardinals,fanduel,spreads,St. Louis Cardinals,-154,1.5
265d87925f501ac50a2a12c6b5a91354,2026-05-13T01:41:00Z,Athletics,St. Louis Cardinals,fanduel,totals,Over,-122,10.0
265d87925f501ac50a2a12c6b5a91354,2026-05-13T01:41:00Z,Athletics,St. Louis Cardinals,fanduel,totals,Under,100,10.0
a0929cf66d445eec19f118010165e95c,2026-05-13T02:11:00Z,Los Angeles Dodgers,San Francisco Giants,fanduel,spreads,Los Angeles Dodgers,-137,-1.5
a0929cf66d445eec19f118010165e95c,2026-05-13T02:11:00Z,Los Angeles Dodgers,San Francisco Giants,fanduel,spreads,San Francisco Giants,114,1.5
a0929cf66d445eec19f118010165e95c,2026-05-13T02:11:00Z,Los Angeles Dodgers,San Francisco Giants,fanduel,totals,Over,-122,8.5
a0929cf66d445eec19f118010165e95c,2026-05-13T02:11:00Z,Los Angeles Dodgers,San Francisco Giants,fanduel,totals,Under,100,8.5
